cell_id,lat,lon,barrier_count,severity_mean,severity_max,temp_ratio,dominant_type,neighborhood,accessibility_score,risk_level
0_29,47.49717648824056,-122.26871744791667,6,4.333333333333333,5.0,0.0,NoSidewalk,Mount Baker,97.4,Medium
0_30,47.49800366771464,-122.26771903524593,49,4.755102040816326,5.0,0.02040816326530612,NoSidewalk,Mount Baker,76.7,Medium
10_11,47.54893908781164,-122.36139185288373,33,3.4242424242424243,4.0,0.0,NoSidewalk,Industrial District,88.7,Medium
10_12,47.5479031085968,-122.35659637451172,72,2.986111111111111,4.0,0.0,NoSidewalk,Industrial District,78.5,Medium
10_16,47.54954274495443,-122.3342022365994,8,2.5,5.0,0.0,CurbRamp,Industrial District,98.0,Low
10_20,47.54697608947754,-122.31595754623413,46,2.369565217391304,5.0,0.020833333333333332,CurbRamp,Industrial District,89.1,Medium
10_21,47.54614448547363,-122.31266403198242,8,2.625,5.0,0.125,NoSidewalk,Industrial District,97.9,Low
10_22,47.54726137433733,-122.30560411725726,26,4.269230769230769,5.0,0.14285714285714285,NoSidewalk,North Beacon Hill,88.9,Medium
10_23,47.547095525832404,-122.30051712762742,21,2.2857142857142856,5.0,0.0,CurbRamp,North Beacon Hill,95.2,Medium
10_24,47.54793567657471,-122.2953037261963,15,2.7333333333333334,5.0,0.15,NoSidewalk,North Beacon Hill,95.9,Low
10_26,47.54832967122396,-122.28483174641927,15,2.2666666666666666,5.0,0.0,CurbRamp,Mount Baker,96.6,Low
10_27,47.54828135172526,-122.28105341593424,26,2.269230769230769,5.0,0.0,CurbRamp,Mount Baker,94.1,Medium
10_28,47.54569339752197,-122.27561569213867,4,2.5,5.0,0.0,CurbRamp,Mount Baker,99.0,Low
10_29,47.547846044812886,-122.27021530696324,56,2.375,4.0,0.03571428571428571,NoSidewalk,Mount Baker,86.7,Medium
10_3,47.54656143188477,-122.39853439331054,9,3.0,3.0,0.0,NoSidewalk,Industrial District,97.3,Medium
10_30,47.54713649749756,-122.26532783508301,19,2.5789473684210527,5.0,0.15,NoCurbRamp,Mount Baker,95.1,Low
10_31,47.54814058191636,-122.26129763734107,48,2.7083333333333335,4.0,0.0392156862745098,NoCurbRamp,Mount Baker,87.0,Medium
10_4,47.54806384524784,-122.39634776759792,72,2.6944444444444446,3.0,0.0,NoSidewalk,Industrial District,80.6,Medium
10_5,47.5482661819458,-122.39061233520508,100,2.48,3.0,0.0,NoCurbRamp,Industrial District,75.2,Medium
10_6,47.54814884879372,-122.3857837156816,87,1.8850574712643677,3.0,0.0,CurbRamp,Industrial District,83.6,Medium
10_7,47.54845402653056,-122.38103714562897,133,2.2030075187969924,4.0,0.0,CurbRamp,Industrial District,70.7,Medium
10_8,47.54844303131104,-122.37740631103516,40,2.1,3.0,0.0,CurbRamp,Industrial District,91.6,Medium
11_11,47.55265858968099,-122.36295776367187,15,2.933333333333333,4.0,0.0,CurbRamp,Industrial District,95.6,Low
11_12,47.55283432006836,-122.35555483500163,55,3.272727272727273,4.0,0.0,NoSidewalk,Industrial District,82.0,High
11_16,47.55458135453482,-122.3355003235832,62,3.6774193548387095,5.0,0.0,NoSidewalk,Industrial District,77.2,High
11_17,47.55391936894705,-122.33142410368609,165,3.793939393939394,5.0,0.0,NoSidewalk,Industrial District,37.4,High
11_18,47.5546896899188,-122.32704416910808,53,3.9056603773584904,4.0,0.0,NoSidewalk,Industrial District,79.3,High
11_19,47.55347375308766,-122.32028422636144,17,3.176470588235294,4.0,0.0,NoSidewalk,Industrial District,94.6,Medium
11_22,47.55479137714092,-122.30559246356671,25,2.92,5.0,0.038461538461538464,Obstacle,North Beacon Hill,92.7,Medium
11_23,47.5552921295166,-122.30326461791992,2,1.5,2.0,0.0,CurbRamp,North Beacon Hill,99.7,Low
11_24,47.55345916748047,-122.29410552978516,1,1.0,1.0,0.0,NoCurbRamp,North Beacon Hill,99.9,Low
11_25,47.55335291420541,-122.28922383378192,36,2.3333333333333335,5.0,0.024390243902439025,CurbRamp,Mount Baker,91.6,Medium
11_26,47.55331566993227,-122.28533602775411,90,4.033333333333333,5.0,0.0,NoSidewalk,Mount Baker,63.7,High
11_27,47.55305269029405,-122.28124109903972,51,2.980392156862745,5.0,0.0,CurbRamp,Mount Baker,84.8,Medium
11_28,47.553451191295274,-122.27511721524326,54,2.8518518518518516,5.0,0.0,CurbRamp,Mount Baker,84.6,Medium
11_29,47.55322751691264,-122.2706930098995,61,2.1475409836065573,5.0,0.016129032258064516,CurbRamp,Mount Baker,86.9,Medium
11_3,47.55460166931152,-122.39902581108942,18,3.0,3.0,0.0,NoSidewalk,Industrial District,94.6,Medium
11_30,47.55311796400282,-122.26700991675968,57,2.789473684210526,5.0,0.09523809523809523,CurbRamp,Mount Baker,84.1,Medium
11_31,47.55326387617323,-122.26193067762587,30,2.6666666666666665,5.0,0.027777777777777776,CurbRamp,Mount Baker,92.0,Medium
11_32,47.55196762084961,-122.25416564941406,4,3.5,5.0,0.0,NoSidewalk,Mount Baker,98.6,Medium
11_4,47.55394977072011,-122.39579817177592,66,2.606060606060606,4.0,0.0,SurfaceProblem,Industrial District,82.8,Medium
11_5,47.55366054801054,-122.39124573108762,83,2.7349397590361444,4.0,0.0,NoCurbRamp,Industrial District,77.30000000000001,Medium
11_6,47.55296889595363,-122.38576043170431,46,1.891304347826087,3.0,0.0,CurbRamp,Industrial District,91.3,Medium
11_7,47.55270986203794,-122.38092620284469,54,2.0925925925925926,5.0,0.0,CurbRamp,Industrial District,88.7,Medium
11_8,47.55285145686223,-122.377196091872,38,2.4473684210526314,4.0,0.0,NoCurbRamp,Industrial District,90.7,Medium
12_10,47.557454517909456,-122.3655537196568,14,3.0714285714285716,5.0,0.0,CurbRamp,Industrial District,95.7,Medium
12_11,47.55724239349365,-122.35976839065552,11,3.0,3.0,0.0,NoSidewalk,Industrial District,96.7,Medium
12_12,47.55688532049005,-122.35583565451883,53,3.660377358490566,4.0,0.0,NoSidewalk,Industrial District,80.6,High
12_13,47.557826360066734,-122.35262298583984,5,4.0,4.0,0.0,NoSidewalk,Industrial District,98.0,Medium
12_14,47.56032943725586,-122.34376430511475,8,4.0,4.0,0.0,NoSidewalk,Industrial District,96.8,Medium
12_15,47.55894169908889,-122.33914541690908,45,3.577777777777778,4.0,0.0,NoSidewalk,Industrial District,83.9,Medium
12_16,47.55752679694938,-122.33634079143565,275,3.5490909090909093,4.0,0.0,NoSidewalk,Industrial District,2.4000000000000057,High
12_17,47.55758353700029,-122.33146326592627,234,3.675213675213675,4.0,0.0,NoSidewalk,Industrial District,14.0,High
12_18,47.55669250488281,-122.32705345153809,20,4.0,4.0,0.0,NoSidewalk,Industrial District,92.0,Medium
12_19,47.55926767985026,-122.32322099473741,9,2.6666666666666665,4.0,0.0,CurbRamp,Industrial District,97.6,Low
12_20,47.55835550481623,-122.31643861712831,30,1.8666666666666667,4.0,0.030303030303030304,CurbRamp,Industrial District,94.4,Medium
12_21,47.558311462402344,-122.31335194905598,3,3.0,3.0,0.0,CurbRamp,North Beacon Hill,99.1,Medium
12_22,47.556066255311706,-122.30714024724188,36,3.0,5.0,0.16216216216216217,SurfaceProblem,North Beacon Hill,89.2,Medium
12_23,47.556479930877686,-122.30230164527893,32,2.875,4.0,0.0,NoSidewalk,North Beacon Hill,90.8,Medium
12_24,47.557113060584435,-122.29624469463641,13,3.1538461538461537,4.0,0.0,NoSidewalk,North Beacon Hill,95.9,Medium
12_25,47.55805095727893,-122.29056925013445,66,2.196969696969697,5.0,0.0,CurbRamp,Mount Baker,85.5,Medium
12_26,47.556219312879776,-122.28573883904352,34,2.7058823529411766,5.0,0.0,CurbRamp,Mount Baker,90.8,Medium
12_27,47.557128016153975,-122.28116938273112,29,3.586206896551724,5.0,0.0,NoCurbRamp,Mount Baker,89.6,Medium
12_28,47.55761642456055,-122.27590789794922,4,4.75,5.0,0.0,NoCurbRamp,Mount Baker,98.1,Medium
12_29,47.55783271789551,-122.27079863775344,41,2.268292682926829,5.0,0.0,CurbRamp,Mount Baker,90.7,Medium
12_3,47.55833883285523,-122.40116100311279,40,2.925,4.0,0.0,SurfaceProblem,Industrial District,88.3,Medium
12_30,47.558266143798825,-122.26554077148438,25,2.76,5.0,0.0,NoSidewalk,Mount Baker,93.1,Medium
12_31,47.557053318730105,-122.26259358723958,26,3.0,3.0,0.0,NoSidewalk,Mount Baker,92.2,Medium
12_4,47.55709769020618,-122.39537155796104,67,2.253731343283582,4.0,0.0,CurbRamp,Industrial District,84.9,Medium
12_5,47.55695853122445,-122.39088297999183,77,2.5844155844155843,3.0,0.0,SurfaceProblem,Industrial District,80.1,Medium
12_6,47.557464084109746,-122.38615603060336,73,2.095890410958904,3.0,0.0,CurbRamp,Industrial District,84.7,Medium
12_7,47.557679271698,-122.38099126815796,80,2.1375,5.0,0.0,CurbRamp,Industrial District,82.9,Medium
12_8,47.556966945103234,-122.37714451381139,35,1.9428571428571428,3.0,0.0,CurbRamp,Industrial District,93.2,Medium
13_10,47.565423011779785,-122.36788749694824,4,1.25,2.0,0.0,NoSidewalk,Industrial District,99.5,Low
13_12,47.5608413696289,-122.35476684570312,5,5.0,5.0,0.0,NoSidewalk,Industrial District,97.5,Medium
13_14,47.56317011515299,-122.34375890096028,6,4.0,4.0,0.0,NoSidewalk,Industrial District,97.6,Medium
13_15,47.5623049106238,-122.34109468280144,104,3.798076923076923,4.0,0.009433962264150943,NoSidewalk,Industrial District,60.5,High
13_16,47.56185610453288,-122.33676518758138,147,3.3741496598639458,5.0,0.0,NoSidewalk,Industrial District,50.4,High
13_17,47.56292243625807,-122.329322649085,46,3.739130434782609,4.0,0.0,NoSidewalk,Industrial District,82.8,Medium
13_18,47.56302131796783,-122.32497780278044,104,3.6923076923076925,4.0,0.0,NoSidewalk,Industrial District,61.6,High
13_19,47.56339784102006,-122.32165971235796,54,3.5185185185185186,5.0,0.0,NoCurbRamp,Industrial District,81.0,High
13_2,47.56086222330729,-122.40377807617188,3,1.6666666666666667,3.0,0.0,CurbRamp,Industrial District,99.5,Low
13_20,47.562024964226616,-122.31648360358344,35,2.1142857142857143,5.0,0.0,SurfaceProblem,Industrial District,92.6,Medium
13_21,47.563027699788414,-122.31139089546951,51,2.392156862745098,4.0,0.0,SurfaceProblem,North Beacon Hill,87.8,Medium
13_22,47.56133629935128,-122.30604771205357,35,1.4857142857142858,3.0,0.0,SurfaceProblem,North Beacon Hill,94.8,Medium
13_23,47.56471772627397,-122.30136281793767,22,2.3181818181818183,4.0,0.0,SurfaceProblem,North Beacon Hill,94.9,Medium
13_24,47.563042147406215,-122.29683277524751,57,1.1228070175438596,3.0,0.0,CurbRamp,North Beacon Hill,93.6,Medium
13_25,47.562885746811375,-122.29180723248106,29,2.586206896551724,5.0,0.030303030303030304,CurbRamp,Mount Baker,92.5,Medium
13_26,47.56457281112671,-122.28686466217042,40,2.025,5.0,0.025,CurbRamp,Mount Baker,91.9,Medium
13_27,47.56469305630388,-122.28035644005085,58,2.4310344827586206,4.0,0.0,CurbRamp,Mount Baker,85.9,Medium
13_28,47.56098985671997,-122.2761926651001,7,3.142857142857143,4.0,0.0,NoCurbRamp,Mount Baker,97.8,Medium
13_29,47.56252983824847,-122.27092492090513,72,2.6805555555555554,5.0,0.0,NoCurbRamp,Mount Baker,80.7,Medium
13_3,47.565345764160156,-122.40291595458984,1,1.0,1.0,0.0,Obstacle,Industrial District,99.9,Low
13_30,47.5620493888855,-122.26814460754395,16,2.5,5.0,0.0,NoSidewalk,Mount Baker,96.0,Low
13_4,47.56272882314829,-122.39553152231069,59,2.694915254237288,4.0,0.015384615384615385,NoCurbRamp,Industrial District,84.1,Medium
13_6,47.56282380047966,-122.38578332639209,51,2.3529411764705883,5.0,0.0784313725490196,CurbRamp,Industrial District,88.0,Medium
13_7,47.56254226511175,-122.3805998021906,82,2.268292682926829,5.0,0.0,CurbRamp,Industrial District,81.4,Medium
13_8,47.56291224858532,-122.37692605632625,72,2.013888888888889,5.0,0.0,CurbRamp,Industrial District,85.5,Medium
13_9,47.5646858215332,-122.3727518717448,3,1.0,1.0,0.0,CurbRamp,Industrial District,99.7,Low
14_1,47.569485664367676,-122.40956211090088,8,3.0,5.0,0.0,CurbRamp,Industrial District,97.6,Medium
14_10,47.56718826293945,-122.3680248260498,20,2.8,5.0,0.05,CurbRamp,Industrial District,94.4,Medium
14_11,47.56799727219801,-122.36087505634015,9,2.3333333333333335,5.0,0.0,CurbRamp,Industrial District,97.9,Low
14_12,47.56831795828683,-122.3579078401838,54,2.7037037037037037,5.0,0.0,SurfaceProblem,Industrial District,85.4,Medium
14_14,47.56578699747721,-122.34392547607422,3,4.0,4.0,0.0,NoSidewalk,Industrial District,98.8,Medium
14_15,47.56782716574128,-122.33996841587971,95,3.9368421052631577,4.0,0.0,NoSidewalk,Industrial District,62.6,High
14_16,47.56757922288848,-122.33400261111376,40,3.675,4.0,0.0,SurfaceProblem,Industrial District,85.3,Medium
14_17,47.567717955284515,-122.33061627260189,96,3.3229166666666665,4.0,0.0,NoSidewalk,Industrial District,68.1,High
14_18,47.56740631537415,-122.32597593334614,210,3.842857142857143,5.0,0.0,NoSidewalk,Industrial District,19.299999999999997,High
14_19,47.5680081385263,-122.32204404084578,161,3.8074534161490683,4.0,0.0,NoSidewalk,Industrial District,38.7,High
14_2,47.568982442220054,-122.40664100646973,24,4.25,5.0,0.0,NoSidewalk,Industrial District,89.8,Medium
14_20,47.567921271690956,-122.31358865591196,13,1.7692307692307692,3.0,0.07692307692307693,CurbRamp,North Beacon Hill,97.7,Low
14_21,47.56689226305163,-122.31287899532833,37,2.6486486486486487,4.0,0.0,NoSidewalk,North Beacon Hill,90.2,Medium
14_22,47.56972312927246,-122.30758285522461,2,1.0,1.0,0.0,CurbRamp,North Beacon Hill,99.8,Low
14_23,47.56709342956543,-122.30056777954101,50,2.48,5.0,0.0,SurfaceProblem,North Beacon Hill,87.6,Medium
14_25,47.568274290665336,-122.29055786132812,44,3.409090909090909,5.0,0.0,NoSidewalk,Mount Baker,85.0,Medium
14_26,47.56798828479855,-122.28578798160997,168,2.5654761904761907,5.0,0.005813953488372093,SurfaceProblem,Mount Baker,56.89999999999999,Medium
14_27,47.567491936871384,-122.28134017103301,127,2.9291338582677167,5.0,0.0,NoSidewalk,Mount Baker,62.8,Medium
14_29,47.56670480025442,-122.26955895674855,18,2.7777777777777777,3.0,0.0,NoSidewalk,Mount Baker,95.0,Low
14_3,47.56637239456177,-122.40279769897461,14,1.4285714285714286,3.0,0.0,CurbRamp,Industrial District,98.0,Low
14_30,47.565941619873044,-122.26818542480468,5,3.0,3.0,0.0,NoSidewalk,Mount Baker,98.5,Medium
14_4,47.56881436434659,-122.39496265758167,7,1.8571428571428572,4.0,0.0,CurbRamp,Industrial District,98.7,Low
14_5,47.570235532872815,-122.39074617273667,16,4.5625,5.0,0.0,NoCurbRamp,Industrial District,92.7,Medium
14_6,47.567576217651364,-122.38541984558105,20,2.2,5.0,0.0,CurbRamp,Industrial District,95.6,Medium
14_7,47.566519260406494,-122.37978839874268,8,3.5,5.0,0.0,NoCurbRamp,Industrial District,97.2,Medium
14_8,47.56649875640869,-122.3775691986084,4,3.0,3.0,0.0,NoCurbRamp,Industrial District,98.8,Medium
14_9,47.56879066698479,-122.37143244887844,33,2.5454545454545454,5.0,0.0,CurbRamp,Industrial District,91.6,Medium
15_0,47.57366648027974,-122.41431402391002,31,3.5806451612903225,5.0,0.0,NoSidewalk,Industrial District,88.9,Medium
15_1,47.574059295654294,-122.4133056640625,5,2.8,4.0,0.0,Obstacle,Industrial District,98.6,Low
15_10,47.57164083208357,-122.36739730834961,13,4.153846153846154,5.0,0.0,Obstacle,Industrial District,94.6,Medium
15_11,47.571846114264595,-122.36088053385417,34,2.2941176470588234,5.0,0.0,CurbRamp,Industrial District,92.2,Medium
15_12,47.57364824083116,-122.35436566670735,35,3.1714285714285713,5.0,0.027777777777777776,Obstacle,Harbor Island,88.9,Medium
15_13,47.57217299938202,-122.35162281990051,32,3.09375,5.0,0.0,CurbRamp,Harbor Island,90.1,Medium
15_14,47.57146219106821,-122.34488677978516,12,3.25,4.0,0.0,NoSidewalk,Industrial District,96.1,Medium
15_15,47.572075818714346,-122.3404419547633,151,3.6754966887417218,5.0,0.0,NoSidewalk,Industrial District,44.5,High
15_16,47.57313390878531,-122.33563942262978,265,3.581132075471698,4.0,0.0,NoSidewalk,Industrial District,5.099999999999994,High
15_17,47.57326793218676,-122.33096071216167,206,3.6359223300970873,4.0,0.0,NoSidewalk,Industrial District,25.099999999999994,High
15_18,47.57202174745757,-122.32564321057549,115,3.5739130434782607,4.0,0.0,NoSidewalk,Industrial District,58.9,High
15_19,47.57222799352697,-122.32238398371516,37,3.4594594594594597,4.0,0.0,NoSidewalk,Industrial District,87.2,Medium
15_2,47.57102270687328,-122.40595065846162,17,4.176470588235294,5.0,0.0,NoSidewalk,Industrial District,92.9,Medium
15_20,47.57350773714027,-122.31454662400849,97,3.051546391752577,5.0,0.0,SurfaceProblem,North Beacon Hill,70.4,High
15_21,47.573592741097976,-122.31077002530074,198,2.4696969696969697,5.0,0.004975124378109453,SurfaceProblem,North Beacon Hill,51.1,Medium
15_22,47.5737926412073,-122.30581558417089,319,3.018808777429467,5.0,0.0,SurfaceProblem,North Beacon Hill,3.700000000000003,High
15_23,47.57363624572754,-122.30166631062825,148,2.939189189189189,5.0,0.006666666666666667,SurfaceProblem,North Beacon Hill,56.5,Medium
15_24,47.573825694896556,-122.29513606318721,79,2.6962025316455698,5.0,0.0,CurbRamp,Mount Baker,78.7,Medium
15_25,47.57322935760021,-122.29061278700829,255,2.2666666666666666,5.0,0.0,SurfaceProblem,Mount Baker,42.2,Medium
15_26,47.57310256103174,-122.28575732661228,356,2.337078651685393,5.0,0.0,SurfaceProblem,Mount Baker,16.799999999999997,Medium
15_27,47.572883815555784,-122.28240966796875,87,2.7126436781609193,5.0,0.0,SurfaceProblem,Mount Baker,76.4,Medium
15_4,47.57372343275282,-122.3949712117513,44,3.590909090909091,5.0,0.0,CurbRamp,Industrial District,84.2,Medium
15_5,47.572721252441404,-122.3916390991211,25,2.64,5.0,0.0,CurbRamp,Industrial District,93.4,Medium
15_6,47.572444152832034,-122.38628845214843,19,2.6842105263157894,5.0,0.0,CurbRamp,Industrial District,94.9,Low
15_9,47.57114028930664,-122.37062207390281,15,3.1333333333333333,5.0,0.0,NoSidewalk,Industrial District,95.3,Medium
16_0,47.57671373281906,-122.41566091509007,62,3.3548387096774195,5.0,0.05970149253731343,NoSidewalk,Industrial District,79.2,High
16_1,47.576971278471106,-122.41237348668716,32,2.0,5.0,0.4411764705882353,Obstacle,Industrial District,93.6,Medium
16_12,47.578819847106935,-122.35516872406006,39,2.948717948717949,5.0,0.0,Obstacle,Harbor Island,88.5,Medium
16_16,47.57786068320274,-122.33543002605438,126,3.3333333333333335,4.0,0.0,NoSidewalk,Industrial District,58.0,High
16_17,47.577600052482204,-122.33081812607615,151,3.609271523178808,4.0,0.0,NoSidewalk,Industrial District,45.5,High
16_18,47.57855306352888,-122.32616905939011,84,3.0,4.0,0.0,CurbRamp,Industrial District,74.8,High
16_19,47.578347312079536,-122.32196701897516,69,3.1159420289855073,4.0,0.0,NoSidewalk,Industrial District,78.5,High
16_2,47.57574272155762,-122.40415954589844,2,3.5,4.0,0.0,CurbRamp,Industrial District,99.3,Medium
16_20,47.57762303899546,-122.31565494224674,241,2.5850622406639006,5.0,0.020491803278688523,SurfaceProblem,North Beacon Hill,37.7,Medium
16_21,47.5782350133677,-122.31068417908716,299,2.190635451505017,5.0,0.0,SurfaceProblem,North Beacon Hill,34.5,Medium
16_22,47.57806529334528,-122.30570002693442,394,2.2918781725888326,5.0,0.0,SurfaceProblem,North Beacon Hill,9.699999999999989,Medium
16_23,47.57759703712902,-122.30218369933381,170,3.2,5.0,0.011494252873563218,SurfaceProblem,North Beacon Hill,45.6,High
16_24,47.57723692421601,-122.29580695606838,105,2.0,4.0,0.009345794392523364,CurbRamp,Mount Baker,79.0,Medium
16_25,47.5776208269544,-122.29141528533536,229,2.3187772925764194,4.0,0.026200873362445413,SurfaceProblem,Mount Baker,46.9,Medium
16_26,47.578182535202984,-122.28639646725293,302,2.7450331125827816,5.0,0.0,NoSidewalk,Mount Baker,17.099999999999994,Medium
16_27,47.575791931152345,-122.28329925537109,5,2.2,3.0,0.0,SurfaceProblem,Mount Baker,98.9,Low
16_4,47.57715007237026,-122.3940909249442,21,4.190476190476191,5.0,0.0,NoCurbRamp,Industrial District,91.2,Medium
16_5,47.5775925562932,-122.39288946298453,25,4.12,5.0,0.0,NoCurbRamp,Industrial District,89.7,Medium
16_6,47.57560396194458,-122.38515853881836,8,1.5,3.0,0.0,CurbRamp,Industrial District,98.8,Low
16_7,47.57936011420356,-122.3794744986075,21,3.7142857142857144,5.0,0.0,NoCurbRamp,Industrial District,92.2,Medium
16_8,47.57930511083358,-122.37781563783304,36,3.611111111111111,5.0,0.0,NoCurbRamp,Industrial District,87.0,Medium
17_12,47.582768832936004,-122.35481755873737,51,2.8823529411764706,5.0,0.0,Obstacle,Harbor Island,85.3,Medium
17_13,47.58455944061279,-122.35210132598877,8,2.875,4.0,0.0,Obstacle,Harbor Island,97.7,Low
17_15,47.58519999186198,-122.33995056152344,1,4.0,4.0,0.0,Occlusion,Industrial District,99.6,Medium
17_16,47.583416641399424,-122.33500294018818,93,3.6236559139784945,4.0,0.0,NoSidewalk,Industrial District,66.3,High
17_17,47.5833803882915,-122.3313384082436,176,3.590909090909091,4.0,0.0,NoSidewalk,Industrial District,36.8,High
17_18,47.58194599454365,-122.32589176722935,60,3.716666666666667,5.0,0.0,NoSidewalk,Industrial District,77.7,High
17_19,47.5823606134771,-122.32139377803593,91,3.142857142857143,4.0,0.0,NoSidewalk,Industrial District,71.4,High
17_20,47.58300182072803,-122.31537412392973,195,2.3282051282051284,5.0,0.0,SurfaceProblem,North Beacon Hill,54.599999999999994,Medium
17_21,47.58314176860608,-122.31073901527806,186,2.817204301075269,5.0,0.0,SurfaceProblem,North Beacon Hill,47.6,Medium
17_22,47.58308589525816,-122.30593404392738,348,3.278735632183908,5.0,0.025423728813559324,NoSidewalk,North Beacon Hill,0.0,High
17_23,47.5833683428557,-122.30177667866583,177,2.1638418079096047,5.0,0.0,CurbRamp,Atlantic,61.7,Medium
17_24,47.58305000222248,-122.2956080644027,183,2.92896174863388,5.0,0.0,NoSidewalk,Mount Baker,46.4,Medium
17_25,47.582881124396074,-122.2918822137933,148,2.5472972972972974,5.0,0.0,SurfaceProblem,Mount Baker,62.3,Medium
17_26,47.58154033314098,-122.28730080344461,55,3.4363636363636365,5.0,0.0,NoSidewalk,Mount Baker,81.1,High
17_3,47.58497848510742,-122.39923248291015,5,1.4,3.0,0.0,CurbRamp,Industrial District,99.3,Low
17_4,47.5849552154541,-122.39397144317627,7,5.0,5.0,0.0,NoCurbRamp,Industrial District,96.5,Medium
17_5,47.58334600660536,-122.39097900390625,89,3.9775280898876404,5.0,0.0,NoCurbRamp,Industrial District,64.6,High
17_6,47.582809095029475,-122.38600201076932,54,3.0,5.0,0.0,CurbRamp,Industrial District,83.8,High
17_7,47.58181381225586,-122.38119942801339,14,2.357142857142857,5.0,0.0,CurbRamp,Industrial District,96.7,Low
17_8,47.582017262776695,-122.37704976399739,3,1.6666666666666667,3.0,0.0,CurbRamp,Industrial District,99.5,Low
18_15,47.588076782226565,-122.33918914794921,20,3.35,4.0,0.0,NoSidewalk,Industrial District,93.3,Medium
18_16,47.58816391190672,-122.33524043263952,153,3.3790849673202614,4.0,0.0,NoSidewalk,Industrial District,48.3,High
18_17,47.587700781614885,-122.33086022086765,177,3.542372881355932,4.0,0.0,NoSidewalk,Industrial District,37.3,High
18_18,47.587302865333925,-122.32591884576001,100,3.44,5.0,0.0,NoSidewalk,Industrial District,65.6,High
18_19,47.587482170980486,-122.32202467371206,120,3.3833333333333333,4.0,0.0,NoSidewalk,Industrial District,59.4,High
18_20,47.58795883757243,-122.31581263971555,208,2.3846153846153846,5.0,0.0,SurfaceProblem,North Beacon Hill,50.4,Medium
18_21,47.587305601062695,-122.31102032313531,227,2.7312775330396475,5.0,0.017167381974248927,SurfaceProblem,North Beacon Hill,38.0,Medium
18_22,47.58727846332625,-122.30621903363397,245,2.8857142857142857,5.0,0.00392156862745098,CurbRamp,North Beacon Hill,29.299999999999997,Medium
18_23,47.58698128291539,-122.30081280299595,135,2.748148148148148,5.0,0.0,CurbRamp,Atlantic,62.9,Medium
18_24,47.587694623054716,-122.29551483294286,212,2.7830188679245285,5.0,0.0,SurfaceProblem,Mount Baker,41.0,Medium
18_25,47.58802775903182,-122.29083004864779,173,2.901734104046243,5.0,0.011363636363636364,NoSidewalk,Mount Baker,49.8,Medium
18_26,47.5876772744315,-122.2873049054827,140,3.05,5.0,0.007142857142857143,NoSidewalk,Mount Baker,57.3,High
18_4,47.58694558394583,-122.39568208393298,19,2.3684210526315788,5.0,0.10526315789473684,SurfaceProblem,Industrial District,95.5,Low
18_5,47.58811772664388,-122.38980899386935,45,4.444444444444445,5.0,0.0,NoCurbRamp,Industrial District,80.0,Medium
18_6,47.588171768188474,-122.3866756439209,39,3.9743589743589745,5.0,0.0,NoCurbRamp,Industrial District,84.5,Medium
18_7,47.58974761962891,-122.3817626953125,5,1.6,3.0,0.0,CurbRamp,Industrial District,99.2,Low
19_16,47.59177890190711,-122.33573356041542,100,3.2,4.0,0.0,NoSidewalk,Industrial District,68.0,High
19_17,47.59255987055161,-122.33022005417767,66,2.8484848484848486,5.0,0.0,NoSidewalk,Industrial District,81.2,Medium
19_18,47.59373208454677,-122.32506459099906,111,2.3513513513513513,4.0,0.0,CurbRamp,Industrial District,73.9,Medium
19_19,47.591895294189456,-122.32270832061768,39,3.3846153846153846,4.0,0.0,NoSidewalk,Industrial District,86.8,Medium
19_20,47.59273239328891,-122.31585065624382,77,1.8311688311688312,4.0,0.0,SurfaceProblem,North Beacon Hill,85.9,Medium
19_21,47.5935804817114,-122.31093185939146,83,2.6867469879518073,5.0,0.0,SurfaceProblem,North Beacon Hill,77.7,Medium
19_22,47.59367637111716,-122.30642606134285,72,2.763888888888889,4.0,0.0,CurbRamp,Atlantic,80.1,Medium
19_23,47.59342144236845,-122.30081957648783,84,1.8214285714285714,4.0,0.023529411764705882,CurbRamp,Atlantic,84.7,Medium
19_24,47.59286621913014,-122.29546924565463,147,2.3333333333333335,5.0,0.006711409395973154,CurbRamp,Leschi,65.7,Medium
19_25,47.59281299457476,-122.29090798225847,249,2.9116465863453813,5.0,0.011673151750972763,CurbRamp,Leschi,27.5,Medium
19_26,47.59270680204351,-122.28762184305394,47,2.3404255319148937,5.0,0.0,NoSidewalk,Leschi,89.0,Medium
19_5,47.59207462129139,-122.39006442115421,21,2.4761904761904763,5.0,0.047619047619047616,CurbRamp,Industrial District,94.8,Medium
19_6,47.59273452758789,-122.38544654846191,20,2.85,5.0,0.0,CurbRamp,Industrial District,94.3,Medium
1_30,47.50137424468994,-122.26397895812988,4,4.0,4.0,0.0,NoSidewalk,Mount Baker,98.4,Medium
1_31,47.50140271868025,-122.26284899030414,7,3.7142857142857144,4.0,0.0,NoSidewalk,Mount Baker,97.4,Medium
1_32,47.50323595319475,-122.2549798148019,7,5.0,5.0,0.14285714285714285,NoSidewalk,Mount Baker,96.5,Medium
1_33,47.50348587036133,-122.25225219726562,10,2.2,4.0,0.0,CurbRamp,Mount Baker,97.8,Low
1_35,47.501884333292644,-122.24258460998536,55,3.290909090909091,5.0,0.0,CurbRamp,Mount Baker,81.9,High
1_7,47.50292235154372,-122.38000136155348,11,4.818181818181818,5.0,0.0,NoSidewalk,Industrial District,94.7,Medium
1_8,47.502841264773636,-122.37612034724309,36,4.777777777777778,5.0,0.0,NoSidewalk,Industrial District,82.8,Medium
20_16,47.59883342319065,-122.33499891493055,89,1.8764044943820224,5.0,0.06666666666666667,CurbRamp,Pioneer Square,83.3,Medium
20_17,47.59904879192973,-122.33091493355211,126,1.6031746031746033,5.0,0.007751937984496124,CurbRamp,Pioneer Square,79.8,Medium
20_18,47.59789616721017,-122.3254041520376,241,2.078838174273859,5.0,0.007936507936507936,CurbRamp,International District,49.89999999999999,Medium
20_19,47.59783938527107,-122.32087969779968,127,2.393700787401575,5.0,0.0078125,CurbRamp,International District,69.6,Medium
20_20,47.598453609088,-122.31582274691749,129,2.124031007751938,5.0,0.0,CurbRamp,International District,72.6,Medium
20_21,47.59784130122038,-122.3108871255145,148,2.2635135135135136,5.0,0.0,CurbRamp,Atlantic,66.5,Medium
20_22,47.59807040141179,-122.30620332864615,99,3.0707070707070705,4.0,0.0,CurbRamp,Atlantic,69.6,High
20_23,47.59775486698857,-122.3008206685384,160,2.18125,4.0,0.0,CurbRamp,Atlantic,65.1,Medium
20_24,47.5978279912659,-122.29556793692224,186,2.575268817204301,5.0,0.0,CurbRamp,Leschi,52.1,Medium
20_25,47.59728226065636,-122.29082107543945,127,3.1023622047244093,5.0,0.015625,NoSidewalk,Leschi,60.6,High
20_26,47.59811785840613,-122.2875277301458,126,3.1984126984126986,5.0,0.0,NoSidewalk,Leschi,59.7,High
21_15,47.60434239705403,-122.33915405273437,28,1.5,4.0,0.0,CurbRamp,Central Business District,95.8,Medium
21_16,47.60324501764207,-122.33578204200381,207,1.5555555555555556,5.0,0.023809523809523808,CurbRamp,Central Business District,67.8,Medium
21_17,47.60263464441261,-122.33092033049189,249,1.4457831325301205,5.0,0.004016064257028112,CurbRamp,Pioneer Square,64.0,Medium
21_18,47.60346095818134,-122.32663171941584,118,2.347457627118644,5.0,0.024793388429752067,CurbRamp,Pioneer Square,72.3,Medium
21_19,47.60330792008159,-122.32070327473578,211,3.037914691943128,5.0,0.04672897196261682,CurbRamp,Yesler Terrace,35.900000000000006,High
21_20,47.602717598491814,-122.31638654413071,182,2.467032967032967,5.0,0.0106951871657754,CurbRamp,Yesler Terrace,55.1,Medium
21_21,47.60277148655483,-122.31087323143369,205,2.204878048780488,5.0,0.014285714285714285,CurbRamp,Minor,54.8,Medium
21_22,47.60342329946057,-122.30571039791765,229,2.510917030567686,5.0,0.004310344827586207,CurbRamp,Minor,42.5,Medium
21_23,47.6026501152086,-122.30076580166076,159,2.119496855345912,4.0,0.0,CurbRamp,Mann,66.3,Medium
21_24,47.602443450274954,-122.2956145995441,187,2.4010695187165774,5.0,0.0,CurbRamp,Leschi,55.10000000000001,Medium
21_25,47.60316556517841,-122.29127154433937,167,2.7425149700598803,5.0,0.005847953216374269,CurbRamp,Leschi,54.2,Medium
21_26,47.60351533573386,-122.28594272848554,207,3.1884057971014492,5.0,0.014218009478672985,SurfaceProblem,Leschi,34.0,High
21_27,47.60475540161133,-122.28340911865234,1,1.0,1.0,0.0,CurbRamp,Leschi,99.9,Low
22_14,47.609724862234934,-122.34479522705078,14,2.0714285714285716,5.0,0.0,CurbRamp,Pike-Market,97.1,Low
22_15,47.60825732154568,-122.34036600154681,135,1.4962962962962962,5.0,0.0364963503649635,CurbRamp,Pike-Market,79.8,Medium
22_16,47.60774386581497,-122.33560169276906,196,1.5408163265306123,5.0,0.05472636815920398,CurbRamp,Central Business District,69.8,Medium
22_17,47.607897366975486,-122.33169872886256,184,2.032608695652174,5.0,0.005263157894736842,CurbRamp,Central Business District,62.6,Medium
22_18,47.6077054940018,-122.32573741838044,249,2.5502008032128516,5.0,0.00784313725490196,CurbRamp,First Hill,36.5,Medium
22_19,47.607485984688374,-122.32154276833606,129,2.1782945736434107,5.0,0.014925373134328358,CurbRamp,First Hill,71.9,Medium
22_20,47.607691090901696,-122.31572250366212,148,2.324324324324324,5.0,0.0,CurbRamp,Minor,65.60000000000001,Medium
22_21,47.60835142538581,-122.31096649169922,138,2.369565217391304,4.0,0.0,CurbRamp,Minor,67.3,Medium
22_22,47.60778569106029,-122.3053647028491,222,2.774774774774775,5.0,0.008968609865470852,CurbRamp,Minor,38.4,Medium
22_23,47.60856808842839,-122.30104467031119,148,1.7905405405405406,5.0,0.0,CurbRamp,Mann,73.5,Medium
22_24,47.60812513033549,-122.29527906576793,183,2.3551912568306013,5.0,0.005208333333333333,CurbRamp,Madrona,56.89999999999999,Medium
22_25,47.608385492254186,-122.29095971142804,213,2.671361502347418,5.0,0.013888888888888888,SurfaceProblem,Madrona,43.1,Medium
22_26,47.60786479022873,-122.28592262420047,247,2.672064777327935,5.0,0.01593625498007968,SurfaceProblem,Leschi,34.0,Medium
22_27,47.60814666748047,-122.28315353393555,6,1.6666666666666667,3.0,0.0,CurbRamp,Madrona,99.0,Low
23_12,47.61500767299107,-122.35428946358817,6,2.0,3.0,0.0,CurbRamp,Belltown,98.8,Low
23_13,47.614146513097424,-122.35027806899127,89,2.292134831460674,5.0,0.0,CurbRamp,Belltown,79.6,Medium
23_14,47.61334025752437,-122.34580876805761,111,1.6666666666666667,5.0,0.0,CurbRamp,Belltown,81.5,Medium
23_15,47.612602622209195,-122.34090775358463,165,1.6484848484848484,5.0,0.05389221556886228,CurbRamp,Belltown,72.8,Medium
23_16,47.613070249557495,-122.33620639642079,188,1.6117021276595744,5.0,0.03125,CurbRamp,Central Business District,69.7,Medium
23_17,47.612929854282115,-122.33155018414638,127,1.7716535433070866,5.0,0.0,CurbRamp,Central Business District,77.5,Medium
23_18,47.61290123430603,-122.32596287064489,206,2.1116504854368934,5.0,0.0,CurbRamp,First Hill,56.49999999999999,Medium
23_19,47.612985441419816,-122.32115724351671,176,2.0056818181818183,5.0,0.0,CurbRamp,First Hill,64.7,Medium
23_20,47.61322864733244,-122.3159823988043,206,1.9854368932038835,5.0,0.014354066985645933,CurbRamp,Broadway,59.1,Medium
23_21,47.61349393572126,-122.31096609933036,175,2.16,5.0,0.022857142857142857,CurbRamp,Minor,62.2,Medium
23_22,47.61369618092935,-122.30577736201249,123,2.1463414634146343,5.0,0.015748031496062992,CurbRamp,Minor,73.6,Medium
23_23,47.613122626916685,-122.30058766834772,132,2.128787878787879,3.0,0.0,CurbRamp,Mann,71.9,Medium
23_24,47.61352587209164,-122.29539030500986,204,2.6519607843137254,4.0,0.0,NoCurbRamp,Madrona,45.9,Medium
23_25,47.61311283370488,-122.29083959657143,217,2.359447004608295,5.0,0.00904977375565611,CurbRamp,Madrona,48.8,Medium
23_26,47.61306758409136,-122.28617393122184,259,2.9498069498069497,5.0,0.00749063670411985,SurfaceProblem,Madrona,23.599999999999994,Medium
23_27,47.613182067871094,-122.28216171264648,48,3.0208333333333335,5.0,0.0,NoCurbRamp,Madrona,85.5,Medium
24_11,47.61961278607768,-122.35930830432522,31,1.903225806451613,3.0,0.0,CurbRamp,Lower Queen Anne,94.1,Medium
24_12,47.61835609718605,-122.35584598117404,130,2.1076923076923078,5.0,0.02962962962962963,CurbRamp,Belltown,72.6,Medium
24_13,47.617456822781946,-122.35092730135531,140,1.7214285714285715,5.0,0.006756756756756757,CurbRamp,Belltown,75.9,Medium
24_14,47.61760639499973,-122.3459119642103,176,1.5909090909090908,5.0,0.05405405405405406,CurbRamp,Belltown,72.0,Medium
24_15,47.61778276730207,-122.34061197517744,142,2.084507042253521,5.0,0.13725490196078433,CurbRamp,Belltown,70.4,Medium
24_16,47.61753002802531,-122.33548720677693,142,1.4929577464788732,5.0,0.027777777777777776,CurbRamp,Belltown,78.8,Medium
24_17,47.61796823229108,-122.33126792907714,140,1.9,5.0,0.05,CurbRamp,Belltown,73.4,Medium
24_18,47.61807446318548,-122.32587270690622,198,1.7828282828282829,5.0,0.0,CurbRamp,Broadway,64.7,Medium
24_19,47.61882945978753,-122.32175994587836,106,2.1320754716981134,5.0,0.0,CurbRamp,Broadway,77.4,Medium
24_20,47.61760558650992,-122.31622909287275,173,2.132947976878613,4.0,0.005649717514124294,CurbRamp,Broadway,63.1,Medium
24_21,47.61793752006405,-122.31078768566827,180,2.0,5.0,0.0055248618784530384,CurbRamp,Stevens,64.0,Medium
24_22,47.61851820555873,-122.30548100501487,157,2.082802547770701,5.0,0.0,CurbRamp,Stevens,67.3,Medium
24_23,47.61861422634864,-122.3004193564718,126,2.0317460317460316,5.0,0.007751937984496124,CurbRamp,Mann,74.4,Medium
24_24,47.61798238499279,-122.2953806586444,180,2.3222222222222224,4.0,0.0053475935828877,CurbRamp,Madrona,58.199999999999996,Medium
24_25,47.61778885463499,-122.29081002721247,207,2.7294685990338166,5.0,0.018867924528301886,SurfaceProblem,Madrona,43.5,Medium
24_26,47.617910087655446,-122.28618019873943,215,2.958139534883721,5.0,0.0,SurfaceProblem,Madrona,36.4,Medium
24_27,47.61768415376738,-122.28252311805626,72,3.1666666666666665,5.0,0.0,NoSidewalk,Madrona,77.2,High
25_10,47.62421939247533,-122.36468385395251,18,2.5555555555555554,4.0,0.0,CurbRamp,Lower Queen Anne,95.4,Low
25_11,47.62400312681456,-122.36068333806219,31,1.7741935483870968,5.0,0.0,CurbRamp,Lower Queen Anne,94.5,Medium
25_12,47.6234019324893,-122.35575743175689,103,1.6213592233009708,5.0,0.05714285714285714,CurbRamp,Lower Queen Anne,83.3,Medium
25_13,47.624679224831716,-122.35044860839844,56,2.0535714285714284,5.0,0.05357142857142857,CurbRamp,Lower Queen Anne,88.5,Medium
25_14,47.62274980545044,-122.3461606502533,92,1.673913043478261,5.0,0.07291666666666667,CurbRamp,Lower Queen Anne,84.6,Medium
25_15,47.622836148963785,-122.34125666348439,139,1.7338129496402879,5.0,0.11320754716981132,CurbRamp,South Lake Union,75.9,Medium
25_16,47.62349359421503,-122.33619428362165,100,1.36,4.0,0.05714285714285714,CurbRamp,South Lake Union,86.4,Medium
25_17,47.62330758571625,-122.32997143268585,61,2.1639344262295084,4.0,0.0,CurbRamp,South Lake Union,86.8,Medium
25_18,47.62301049025162,-122.32574877531633,180,2.7333333333333334,5.0,0.0,CurbRamp,Broadway,50.8,Medium
25_19,47.62310147876582,-122.32098196360691,233,2.763948497854077,5.0,0.008264462809917356,CurbRamp,Broadway,35.599999999999994,Medium
25_20,47.62323405907589,-122.31600131628649,146,2.7739726027397262,5.0,0.0,CurbRamp,Broadway,59.49999999999999,Medium
25_21,47.62333613117849,-122.31042138047106,124,1.8709677419354838,5.0,0.0,CurbRamp,Stevens,76.8,Medium
25_22,47.623442720112045,-122.30521641781455,187,1.8502673796791445,5.0,0.0,CurbRamp,Stevens,65.4,Medium
25_23,47.62345639565834,-122.3012224928777,133,1.887218045112782,4.0,0.0,CurbRamp,Stevens,74.9,Medium
25_24,47.62306790292999,-122.29566517582646,159,2.3144654088050314,5.0,0.0,CurbRamp,Harrison/Denny-Blaine,63.2,Medium
25_25,47.62306852847482,-122.29119117478818,203,2.5172413793103448,4.0,0.0,SurfaceProblem,Harrison/Denny-Blaine,48.9,Medium
25_26,47.62289126165982,-122.28630386878704,143,2.986013986013986,5.0,0.0,NoSidewalk,Harrison/Denny-Blaine,57.3,Medium
25_27,47.62262677279386,-122.28308202570135,55,3.036363636363636,5.0,0.0,NoSidewalk,Harrison/Denny-Blaine,83.3,High
26_10,47.62892750770815,-122.36660963489163,119,2.689075630252101,5.0,0.06451612903225806,CurbRamp,West Queen Anne,68.0,Medium
26_11,47.62840059068468,-122.36116042791629,151,2.4635761589403975,5.0,0.0,CurbRamp,Lower Queen Anne,62.8,Medium
26_12,47.627609054477226,-122.35577802713206,167,2.3233532934131738,5.0,0.023121387283236993,CurbRamp,Lower Queen Anne,61.2,Medium
26_13,47.627497584183025,-122.35100958214043,157,2.3694267515923566,5.0,0.006211180124223602,CurbRamp,Lower Queen Anne,62.8,Medium
26_14,47.62755723433061,-122.34601792932195,184,2.4293478260869565,5.0,0.0,CurbRamp,Lower Queen Anne,55.3,Medium
26_15,47.627173448220276,-122.34098395323142,76,1.5657894736842106,4.0,0.01282051282051282,CurbRamp,South Lake Union,88.1,Medium
26_16,47.62578094482422,-122.33606536865234,25,1.44,4.0,0.08,CurbRamp,South Lake Union,96.4,Medium
26_17,47.62772761753627,-122.33092607770648,35,1.6857142857142857,5.0,0.08571428571428572,CurbRamp,South Lake Union,94.1,Medium
26_18,47.627563144849695,-122.32578768522843,111,3.063063063063063,5.0,0.008695652173913044,NoCurbRamp,Broadway,66.0,High
26_19,47.628034098394984,-122.32074915129563,113,2.938053097345133,5.0,0.008620689655172414,NoCurbRamp,Broadway,66.8,Medium
26_20,47.62752433923575,-122.31594753265381,98,2.9591836734693877,5.0,0.019230769230769232,CurbRamp,Broadway,71.0,Medium
26_21,47.62765199997846,-122.31037712097168,65,1.6,3.0,0.014705882352941176,CurbRamp,Stevens,89.6,Medium
26_22,47.62779661949644,-122.30514721160239,90,1.9666666666666666,5.0,0.0,CurbRamp,Stevens,82.3,Medium
26_23,47.6280233328683,-122.30064801897322,170,2.7411764705882353,5.0,0.0,CurbRamp,Stevens,53.4,Medium
26_24,47.62734454018729,-122.29657563709077,84,3.2142857142857144,5.0,0.0,NoSidewalk,Stevens,73.0,High
26_25,47.62770106242253,-122.29088005652794,91,3.098901098901099,5.0,0.0,SurfaceProblem,Madison Park,71.8,High
26_26,47.628010688944066,-122.28591561824717,93,3.010752688172043,5.0,0.0,NoCurbRamp,Harrison/Denny-Blaine,72.0,High
26_27,47.6278673508588,-122.28180182961857,84,2.75,4.0,0.0,NoSidewalk,Harrison/Denny-Blaine,76.9,Medium
26_9,47.6285670598348,-122.36884021759033,23,2.130434782608696,3.0,0.041666666666666664,CurbRamp,West Queen Anne,95.1,Medium
27_10,47.63285971276554,-122.36597607459551,157,2.070063694267516,5.0,0.043209876543209874,CurbRamp,West Queen Anne,67.5,Medium
27_11,47.63256549242861,-122.3607661561196,158,1.7721518987341771,5.0,0.012422360248447204,CurbRamp,West Queen Anne,72.0,Medium
27_12,47.633021383574516,-122.35608686967329,164,1.9268292682926829,5.0,0.0,CurbRamp,East Queen Anne,68.4,Medium
27_13,47.63302109361361,-122.35087853969809,176,2.4488636363636362,5.0,0.0,CurbRamp,East Queen Anne,56.9,Medium
27_14,47.63230184229409,-122.34699119009623,81,3.049382716049383,4.0,0.0,NoSidewalk,East Queen Anne,75.3,High
27_15,47.63276309967041,-122.341929880778,56,2.3214285714285716,5.0,0.0,CurbRamp,Westlake,87.0,Medium
27_17,47.630462646484375,-122.328857421875,1,3.0,3.0,0.0,CurbRamp,South Lake Union,99.7,Medium
27_18,47.63337356567383,-122.32576202392578,50,2.14,5.0,0.04,CurbRamp,South Lake Union,89.3,Medium
27_19,47.63276553544842,-122.32029936743564,61,3.0491803278688523,5.0,0.0,NoCurbRamp,Broadway,81.4,High
27_2,47.63493292672293,-122.40378788539341,14,1.4285714285714286,3.0,0.0,NoSidewalk,Briarcliff,98.0,Low
27_20,47.63233021327427,-122.31573377336774,13,1.8461538461538463,4.0,0.0,CurbRamp,Broadway,97.6,Low
27_21,47.63289563105656,-122.31063872117262,122,2.7950819672131146,5.0,0.007692307692307693,NoSidewalk,Stevens,65.9,Medium
27_22,47.63312708758892,-122.30587368761087,228,3.030701754385965,5.0,0.0,CurbRamp,Stevens,30.900000000000006,High
27_23,47.632565408945084,-122.30048537254333,128,2.6328125,5.0,0.0234375,CurbRamp,Stevens,66.3,Medium
27_24,47.63361072540283,-122.29817199707031,7,4.142857142857143,5.0,0.0,NoSidewalk,Montlake,97.1,Medium
27_26,47.63315078587208,-122.2843684964967,99,2.898989898989899,5.0,0.009708737864077669,CurbRamp,Madison Park,71.3,Medium
27_27,47.6330014207628,-122.28096988254123,216,2.564814814814815,5.0,0.0,CurbRamp,Madison Park,44.6,Medium
27_28,47.633694887161255,-122.27752113342285,15,2.6,5.0,0.0,SurfaceProblem,Madison Park,96.1,Low
27_3,47.63447027495413,-122.40083243630149,33,2.1818181818181817,5.0,0.0,NoSidewalk,Briarcliff,92.8,Medium
27_4,47.63388014812859,-122.39525059291294,144,2.2083333333333335,5.0,0.0,CurbRamp,Southeast Magnolia,68.2,Medium
27_5,47.63330702348189,-122.3916054465554,108,3.1666666666666665,5.0,0.0,NoSidewalk,Southeast Magnolia,65.8,High
27_6,47.63263507005645,-122.38666255299638,41,4.317073170731708,5.0,0.0,NoSidewalk,Interbay,82.3,Medium
27_7,47.633534599752984,-122.38171700870289,16,4.5625,5.0,0.0,NoSidewalk,Interbay,92.7,Medium
27_8,47.6330242491605,-122.3757832845052,56,2.4107142857142856,5.0,0.05263157894736842,CurbRamp,Interbay,86.5,Medium
27_9,47.633476455123336,-122.36995414451316,135,2.4296296296296296,5.0,0.08888888888888889,CurbRamp,West Queen Anne,67.2,Medium
28_1,47.64001789799443,-122.41012460214121,52,2.1346153846153846,4.0,0.0,NoSidewalk,Briarcliff,88.9,Medium
28_10,47.638023471044114,-122.36588154942537,117,2.5384615384615383,5.0,0.0,CurbRamp,West Queen Anne,70.3,Medium
28_11,47.638184042537915,-122.36094144933364,85,2.411764705882353,5.0,0.023529411764705882,CurbRamp,West Queen Anne,79.5,Medium
28_12,47.638099650119216,-122.35602232750426,185,2.5891891891891894,5.0,0.0,CurbRamp,East Queen Anne,52.099999999999994,Medium
28_13,47.637756237404886,-122.35116691809858,171,2.2046783625730995,5.0,0.011560693641618497,CurbRamp,East Queen Anne,62.3,Medium
28_14,47.638008179203155,-122.3463878016318,123,2.658536585365854,4.0,0.0,CurbRamp,East Queen Anne,67.3,Medium
28_15,47.637417793273926,-122.34230545588902,55,2.309090909090909,5.0,0.017857142857142856,CurbRamp,Westlake,87.3,Medium
28_17,47.63795492384169,-122.32861328125,18,2.2222222222222223,5.0,0.0,CurbRamp,Eastlake,96.0,Low
28_18,47.63824451116868,-122.32575706199363,160,1.98125,5.0,0.012345679012345678,CurbRamp,Eastlake,68.3,Medium
28_19,47.63828160640967,-122.32035209488694,135,2.9407407407407407,5.0,0.0,CurbRamp,Montlake,60.3,Medium
28_2,47.63865524463439,-122.40615960453333,174,2.189655172413793,5.0,0.0,NoSidewalk,Briarcliff,61.9,Medium
28_20,47.63791742459149,-122.31615125629264,133,2.962406015037594,5.0,0.0,NoSidewalk,Montlake,60.6,Medium
28_21,47.63852814705141,-122.31083359256867,92,3.6630434782608696,5.0,0.0,NoSidewalk,Montlake,66.3,High
28_22,47.63851953208993,-122.30570710908383,108,3.074074074074074,5.0,0.0,CurbRamp,Montlake,66.8,High
28_23,47.63868551254272,-122.30100088119507,78,2.2564102564102564,5.0,0.0,CurbRamp,Montlake,82.4,Medium
28_24,47.63983761180531,-122.29682853005149,22,5.0,5.0,0.0,NoSidewalk,Madison Park,89.0,Medium
28_26,47.63702225103611,-122.28436223472038,41,2.5609756097560976,5.0,0.0,SurfaceProblem,Madison Park,89.5,Medium
28_27,47.637755304320244,-122.28099131787944,114,2.4210526315789473,5.0,0.0,SurfaceProblem,Madison Park,72.4,Medium
28_28,47.637164325248904,-122.27761245355373,41,2.024390243902439,3.0,0.0,CurbRamp,Madison Park,91.7,Medium
28_3,47.638020659938,-122.40016540373215,193,2.33160621761658,5.0,0.0,NoSidewalk,Briarcliff,55.00000000000001,Medium
28_4,47.63776424474884,-122.39567503455089,169,3.0473372781065087,5.0,0.0,NoCurbRamp,Southeast Magnolia,48.5,High
28_5,47.637885835435654,-122.39097337874155,249,2.7429718875502007,5.0,0.011904761904761904,CurbRamp,Southeast Magnolia,31.700000000000003,Medium
28_6,47.638541756606685,-122.38738073953768,81,2.740740740740741,5.0,0.0,SurfaceProblem,Interbay,77.8,Medium
28_8,47.63782098848526,-122.37473840582861,69,2.391304347826087,5.0,0.0136986301369863,CurbRamp,West Queen Anne,83.5,Medium
28_9,47.637787030194254,-122.3707894814981,170,2.6588235294117646,5.0,0.02702702702702703,CurbRamp,West Queen Anne,54.8,Medium
29_0,47.643929212521286,-122.41491516634949,117,3.051282051282051,5.0,0.0,NoSidewalk,Briarcliff,64.3,High
29_1,47.64256297316506,-122.41089947424203,211,1.971563981042654,5.0,0.0,NoSidewalk,Briarcliff,58.4,Medium
29_10,47.642573341956506,-122.36553714458759,124,2.774193548387097,5.0,0.007692307692307693,CurbRamp,North Queen Anne,65.6,Medium
29_11,47.642901629936404,-122.36153145146564,120,2.775,5.0,0.0,NoSidewalk,North Queen Anne,66.7,Medium
29_12,47.642861326863944,-122.3560957475142,111,2.7117117117117115,5.0,0.0,NoCurbRamp,North Queen Anne,69.9,Medium
29_13,47.642665782444915,-122.35079676668408,135,3.2814814814814817,5.0,0.007042253521126761,SurfaceProblem,East Queen Anne,55.7,High
29_14,47.64210910561644,-122.34586918206863,81,2.876543209876543,5.0,0.0,NoSidewalk,East Queen Anne,76.7,Medium
29_15,47.640647888183594,-122.34320068359375,3,2.0,3.0,0.0,SurfaceProblem,East Queen Anne,99.4,Low
29_18,47.64295478919884,-122.32576206752232,74,2.5405405405405403,5.0,0.012987012987012988,CurbRamp,Eastlake,81.2,Medium
29_19,47.64317642481981,-122.32100461436583,105,2.5904761904761906,5.0,0.0,CurbRamp,Portage Bay,72.8,Medium
29_2,47.642586498725706,-122.4064942026526,119,1.865546218487395,5.0,0.0,NoSidewalk,Briarcliff,77.8,Medium
29_20,47.642425894737244,-122.31688928604126,62,3.129032258064516,5.0,0.0,CurbRamp,Montlake,80.6,High
29_21,47.640868504842125,-122.31088765462239,6,3.0,3.0,0.0,CurbRamp,Montlake,98.2,Medium
29_22,47.64216598955173,-122.3048491246492,98,1.7448979591836735,5.0,0.0,CurbRamp,Montlake,82.9,Medium
29_23,47.64254175020954,-122.30133411077064,123,2.5040650406504064,5.0,0.007874015748031496,CurbRamp,Montlake,69.2,Medium
29_24,47.64080834388733,-122.29756021499634,16,4.875,5.0,0.0,NoSidewalk,Montlake,92.2,Medium
29_26,47.641015688578285,-122.28419621785481,12,4.166666666666667,5.0,0.0,NoSidewalk,Madison Park,95.0,Medium
29_27,47.64089090683881,-122.28165009442498,34,3.588235294117647,5.0,0.0,NoSidewalk,Madison Park,87.8,Medium
29_28,47.64072113037109,-122.27789306640625,5,1.4,3.0,0.0,CurbRamp,Madison Park,99.3,Low
29_3,47.64289244016012,-122.40120355288188,91,2.065934065934066,5.0,0.0,CurbRamp,Briarcliff,81.19999999999999,Medium
29_4,47.642890214920044,-122.39602947235107,143,2.5594405594405596,5.0,0.0,CurbRamp,Southeast Magnolia,63.4,Medium
29_5,47.64330499822443,-122.39118789078353,148,2.7972972972972974,5.0,0.0,NoCurbRamp,Southeast Magnolia,58.6,Medium
29_6,47.643369881210816,-122.38609284807922,150,2.6066666666666665,5.0,0.006369426751592357,SurfaceProblem,Southeast Magnolia,60.900000000000006,Medium
29_7,47.64502879551479,-122.38315800258091,7,1.4285714285714286,3.0,0.0,CurbRamp,Southeast Magnolia,99.0,Low
29_8,47.64229759803185,-122.37488641272058,137,2.854014598540146,5.0,0.006993006993006993,NoSidewalk,North Queen Anne,60.9,Medium
29_9,47.64245073463885,-122.37078792418065,215,2.5767441860465117,5.0,0.017937219730941704,CurbRamp,North Queen Anne,44.6,Medium
2_28,47.510125398635864,-122.27417039871216,16,4.0,4.0,0.0,NoSidewalk,Mount Baker,93.6,Medium
2_29,47.510106801986694,-122.27218914031982,16,3.75,4.0,0.0,NoSidewalk,Mount Baker,94.0,Medium
2_31,47.50887080601284,-122.26034499187858,46,2.5434782608695654,4.0,0.0,CurbRamp,Mount Baker,88.3,Medium
2_32,47.5079782149371,-122.25555509679458,95,2.5789473684210527,4.0,0.0,CurbRamp,Mount Baker,75.5,Medium
2_33,47.50806240006989,-122.25135489071117,48,3.25,5.0,0.0,NoCurbRamp,Mount Baker,84.4,Medium
2_34,47.51042556762695,-122.24392700195312,1,4.0,4.0,0.0,NoSidewalk,Mount Baker,99.6,Medium
2_35,47.51019159952799,-122.24030897352431,18,4.0,4.0,0.0,NoSidewalk,Mount Baker,92.8,Medium
2_6,47.50868053825534,-122.38675985530931,35,4.8,5.0,0.0,NoSidewalk,Industrial District,83.2,Medium
2_7,47.50839535395304,-122.3815959294637,45,3.3555555555555556,5.0,0.020833333333333332,Obstacle,Industrial District,84.9,Medium
2_8,47.506405671437584,-122.37697919209798,24,3.4166666666666665,5.0,0.041666666666666664,NoSidewalk,Industrial District,91.8,Medium
2_9,47.509925842285156,-122.3720932006836,1,3.0,3.0,0.0,SurfaceProblem,Industrial District,99.7,Medium
30_0,47.64812004950739,-122.41524696350098,123,2.7642276422764227,5.0,0.0,NoSidewalk,Briarcliff,66.0,Medium
30_1,47.64816504190134,-122.410996796364,212,1.75,5.0,0.0,NoSidewalk,Briarcliff,62.9,Medium
30_10,47.64805802055027,-122.36625947814056,134,3.1641791044776117,5.0,0.043478260869565216,NoSidewalk,North Queen Anne,57.6,High
30_11,47.646969347928476,-122.36135020298241,111,3.009009009009009,5.0,0.0,NoSidewalk,North Queen Anne,66.6,High
30_12,47.64767315673828,-122.35591485595702,119,1.9831932773109244,5.0,0.0,CurbRamp,North Queen Anne,76.4,Medium
30_13,47.64740753173828,-122.35087668541634,96,1.4270833333333333,5.0,0.0,CurbRamp,North Queen Anne,86.3,Medium
30_14,47.64965651465244,-122.34600492383613,61,1.9180327868852458,5.0,0.01639344262295082,SurfaceProblem,Fremont,88.3,Medium
30_15,47.64873445034027,-122.34063386917114,93,2.118279569892473,5.0,0.0,CurbRamp,Wallingford,80.3,Medium
30_16,47.64832201004028,-122.33590463002523,118,2.4745762711864407,5.0,0.016666666666666666,CurbRamp,Wallingford,70.8,Medium
30_17,47.64930602042906,-122.33228868053806,29,3.0689655172413794,5.0,0.0,CurbRamp,Wallingford,91.1,Medium
30_18,47.64700552133414,-122.32443516071027,50,3.2,5.0,0.0,NoCurbRamp,Eastlake,84.0,High
30_19,47.647298001694956,-122.320817399299,168,2.392857142857143,5.0,0.0,CurbRamp,Portage Bay,59.8,Medium
30_2,47.648258798490694,-122.40590432019738,120,2.033333333333333,5.0,0.0,CurbRamp,Briarcliff,75.6,Medium
30_20,47.64655549185617,-122.31773921421596,55,2.4363636363636365,4.0,0.0,SurfaceProblem,Portage Bay,86.6,Medium
30_21,47.645992279052734,-122.30860137939453,2,3.5,4.0,0.0,SurfaceProblem,Montlake,99.3,Medium
30_22,47.6480185930119,-122.3053611932799,41,1.829268292682927,5.0,0.023255813953488372,CurbRamp,University District,92.5,Medium
30_23,47.645891189575195,-122.30169677734375,6,1.3333333333333333,3.0,0.0,CurbRamp,Montlake,99.2,Low
30_28,47.6496467590332,-122.27693328857421,10,1.9,3.0,0.0,CurbRamp,Laurelhurst,98.1,Low
30_3,47.64793570836385,-122.40156639946832,71,2.2535211267605635,5.0,0.0,NoCurbRamp,Lawton Park,84.0,Medium
30_4,47.6478780881323,-122.3962691335967,93,2.3118279569892475,5.0,0.0,NoCurbRamp,Lawton Park,78.5,Medium
30_5,47.64774659302858,-122.39081614726298,110,2.9909090909090907,5.0,0.0,NoCurbRamp,Southeast Magnolia,67.1,Medium
30_6,47.648354046965295,-122.38524784453928,145,2.3793103448275863,5.0,0.02054794520547945,Obstacle,Southeast Magnolia,65.5,Medium
30_7,47.64828169747685,-122.38098710306575,86,2.5232558139534884,5.0,0.02247191011235955,Obstacle,Interbay,78.3,Medium
30_8,47.64845315181848,-122.37598192619555,149,2.946308724832215,5.0,0.0,CurbRamp,North Queen Anne,56.1,Medium
30_9,47.64813995361328,-122.37020345834586,72,2.9166666666666665,5.0,0.01282051282051282,NoCurbRamp,North Queen Anne,79.0,Medium
31_0,47.6522490978241,-122.41533088684082,110,3.909090909090909,5.0,0.0,NoSidewalk,Briarcliff,57.0,High
31_1,47.65220869155157,-122.41101165044876,125,1.744,5.0,0.0,NoSidewalk,Briarcliff,78.2,Medium
31_10,47.65148108346121,-122.36601459736727,47,1.8936170212765957,4.0,0.0,CurbRamp,North Queen Anne,91.1,Medium
31_11,47.65324872334798,-122.35993245442708,60,1.9833333333333334,5.0,0.1,CurbRamp,Fremont,88.1,Medium
31_12,47.653179882418726,-122.35580129315777,150,2.2933333333333334,5.0,0.05161290322580645,CurbRamp,Fremont,65.6,Medium
31_13,47.652937556159564,-122.35080082458857,165,2.193939393939394,5.0,0.01775147928994083,CurbRamp,Fremont,63.8,Medium
31_14,47.65281847973804,-122.34589887498976,141,2.297872340425532,5.0,0.006993006993006993,CurbRamp,Fremont,67.6,Medium
31_15,47.652752485143424,-122.34042034940236,212,3.69811320754717,5.0,0.004608294930875576,NoCurbRamp,Wallingford,21.599999999999994,High
31_16,47.65263863684426,-122.33581440885303,141,4.24113475177305,5.0,0.0,NoCurbRamp,Wallingford,40.2,High
31_17,47.652859198741425,-122.33082991379958,151,4.245033112582782,5.0,0.0,NoCurbRamp,Wallingford,35.900000000000006,High
31_18,47.654285271962486,-122.32548960049947,91,2.7142857142857144,5.0,0.020833333333333332,CurbRamp,Wallingford,75.3,Medium
31_19,47.65283464830975,-122.3216095857842,78,2.58974358974359,5.0,0.011627906976744186,CurbRamp,Eastlake,79.8,Medium
31_2,47.65227257577997,-122.40632257963482,76,2.039473684210526,5.0,0.0,NoCurbRamp,Briarcliff,84.5,Medium
31_20,47.65304914571471,-122.31487726761122,52,2.1346153846153846,5.0,0.0,CurbRamp,University District,88.9,Medium
31_21,47.653655072476,-122.31140258464407,91,1.9230769230769231,5.0,0.0,CurbRamp,University District,82.5,Medium
31_22,47.6520885166369,-122.30546238547878,70,1.9714285714285715,5.0,0.05263157894736842,CurbRamp,University District,86.2,Medium
31_23,47.654293060302734,-122.30260620117187,10,2.5,5.0,0.1,CurbRamp,University District,97.5,Low
31_27,47.65396552615695,-122.27977455986871,35,2.0,5.0,0.0,CurbRamp,Laurelhurst,93.0,Medium
31_28,47.653517659505205,-122.27673136393229,29,2.6551724137931036,5.0,0.0,CurbRamp,Laurelhurst,92.3,Medium
31_3,47.65256142994714,-122.4007556249225,63,1.8095238095238095,4.0,0.0,CurbRamp,Lawton Park,88.6,Medium
31_4,47.65262805240255,-122.3958696177308,137,2.3576642335766422,5.0,0.0,NoCurbRamp,Lawton Park,67.7,Medium
31_5,47.65291450500488,-122.39104217529297,49,1.4285714285714286,3.0,0.0,CurbRamp,Lawton Park,93.0,Medium
31_6,47.65276395770866,-122.38559959304165,66,2.621212121212121,5.0,0.014084507042253521,CurbRamp,Lawton Park,82.7,Medium
31_7,47.65364733609286,-122.3810736916282,22,2.8181818181818183,5.0,0.0,CurbRamp,Interbay,93.8,Medium
31_8,47.65313301086426,-122.3752493540446,57,3.1578947368421053,5.0,0.016666666666666666,SurfaceProblem,North Queen Anne,82.0,High
31_9,47.65285191712556,-122.3706809149848,105,3.657142857142857,5.0,0.027777777777777776,NoSidewalk,North Queen Anne,61.6,High
32_1,47.66021619524275,-122.40984199160621,21,4.0476190476190474,5.0,0.0,NoSidewalk,Lawton Park,91.5,Medium
32_10,47.658376987163834,-122.36443724999062,101,2.9306930693069306,5.0,0.125,CurbRamp,Fremont,70.4,Medium
32_11,47.65791922555843,-122.36083912737493,208,2.7788461538461537,5.0,0.014084507042253521,NoCurbRamp,Fremont,42.2,Medium
32_12,47.65766418536092,-122.35599324122612,187,2.700534759358289,5.0,0.015544041450777202,CurbRamp,Fremont,49.5,Medium
32_13,47.658141157745774,-122.35094779864696,214,2.635514018691589,5.0,0.01809954751131222,CurbRamp,Fremont,43.6,Medium
32_14,47.65824840271395,-122.3456747516308,146,2.732876712328767,5.0,0.0,CurbRamp,Fremont,60.1,Medium
32_15,47.65764915270683,-122.3406010554387,191,2.507853403141361,5.0,0.005128205128205128,CurbRamp,Wallingford,52.10000000000001,Medium
32_16,47.65797820387845,-122.33549736789539,205,3.126829268292683,5.0,0.0,NoCurbRamp,Wallingford,35.900000000000006,High
32_17,47.65765965201638,-122.33090095520019,218,4.036697247706422,5.0,0.0,NoCurbRamp,Wallingford,12.0,High
32_18,47.6578781554749,-122.32605714064378,280,2.7,5.0,0.013986013986013986,CurbRamp,Wallingford,24.400000000000006,Medium
32_19,47.65724138449166,-122.3204704459387,131,1.8931297709923665,5.0,0.06870229007633588,CurbRamp,University District,75.2,Medium
32_2,47.65854053497314,-122.40493583679199,20,2.9,5.0,0.0,Obstacle,Lawton Park,94.2,Medium
32_20,47.65754737601375,-122.31606191673026,149,1.7986577181208054,5.0,0.013245033112582781,CurbRamp,University District,73.2,Medium
32_21,47.65836130531089,-122.31186031600804,102,1.5098039215686274,4.0,0.009708737864077669,CurbRamp,University District,84.6,Medium
32_22,47.65752905065363,-122.30499978498979,44,1.6818181818181819,4.0,0.0,CurbRamp,University District,92.6,Medium
32_23,47.658468547620274,-122.30137794896176,74,2.8378378378378377,5.0,0.0,CurbRamp,University District,79.0,Medium
32_25,47.65906465970553,-122.28953376183144,26,2.6923076923076925,5.0,0.0,NoCurbRamp,Laurelhurst,93.0,Medium
32_26,47.65777713969602,-122.28570104049425,118,2.559322033898305,5.0,0.03389830508474576,CurbRamp,Laurelhurst,69.8,Medium
32_27,47.65765902201335,-122.28071172078451,148,2.195945945945946,5.0,0.006666666666666667,CurbRamp,Laurelhurst,67.5,Medium
32_28,47.65754396621495,-122.27612137467894,72,2.3333333333333335,5.0,0.0,CurbRamp,Laurelhurst,83.2,Medium
32_29,47.659308467350954,-122.27113342285156,137,1.8248175182481752,5.0,0.0,CurbRamp,Laurelhurst,75.0,Medium
32_3,47.658022335597444,-122.40116410028367,84,2.75,5.0,0.0,CurbRamp,Lawton Park,76.9,Medium
32_4,47.658121352227745,-122.39586859581455,137,2.2992700729927007,5.0,0.006711409395973154,CurbRamp,Lawton Park,68.5,Medium
32_5,47.65789362018028,-122.39086716898372,87,2.32183908045977,5.0,0.0,CurbRamp,Lawton Park,79.8,Medium
32_6,47.65819936519046,-122.38611948575905,126,3.9365079365079363,5.0,0.014388489208633094,NoSidewalk,Interbay,50.4,High
32_7,47.65577697753906,-122.38333129882812,1,1.0,1.0,0.0,CurbRamp,Interbay,99.9,Low
32_8,47.655826568603516,-122.37562713623046,14,3.142857142857143,4.0,0.26666666666666666,CurbRamp,North Queen Anne,95.6,Medium
32_9,47.65861066182455,-122.37158584594727,6,3.1666666666666665,4.0,0.0,NoSidewalk,West Woodland,98.1,Medium
33_0,47.661310342641976,-122.41422447791466,13,4.846153846153846,5.0,0.0,NoSidewalk,Lawton Park,93.7,Medium
33_1,47.66314056941441,-122.41055906386603,80,4.525,5.0,0.0,NoSidewalk,Lawton Park,63.8,High
33_10,47.66264727832825,-122.36549935689787,120,2.225,5.0,0.016260162601626018,CurbRamp,West Woodland,73.3,Medium
33_11,47.66270956240202,-122.36040567096912,145,3.1448275862068966,5.0,0.013157894736842105,NoCurbRamp,Fremont,54.4,High
33_12,47.66330442535743,-122.35595120204968,174,3.0402298850574714,5.0,0.0,NoCurbRamp,Fremont,47.1,High
33_13,47.6631678016953,-122.3507029655483,285,2.5964912280701755,5.0,0.04844290657439446,CurbRamp,Fremont,26.0,Medium
33_14,47.662849503669186,-122.34546449080757,339,3.368731563421829,5.0,0.005797101449275362,NoCurbRamp,Wallingford,0.0,High
33_15,47.66307752196853,-122.34089640024546,288,2.763888888888889,5.0,0.0033783783783783786,CurbRamp,Wallingford,20.400000000000006,Medium
33_16,47.66309611002604,-122.33575918354514,227,3.105726872246696,5.0,0.008658008658008658,NoCurbRamp,Wallingford,29.5,High
33_17,47.66281297103218,-122.33056229301121,115,2.582608695652174,5.0,0.008695652173913044,CurbRamp,Wallingford,70.3,Medium
33_18,47.66280389819625,-122.32645312427769,167,3.0419161676646707,5.0,0.011834319526627219,NoCurbRamp,Wallingford,49.2,High
33_19,47.662889795979176,-122.3203846488412,125,2.0,5.0,0.047244094488188976,CurbRamp,University District,75.0,Medium
33_2,47.66282314724393,-122.40469275580512,9,2.5555555555555554,5.0,0.0,CurbRamp,Lawton Park,97.7,Low
33_20,47.66294882483516,-122.31597050876482,138,1.7536231884057971,5.0,0.03546099290780142,CurbRamp,University District,75.8,Medium
33_21,47.66296662402754,-122.31109080595128,117,2.0,5.0,0.03361344537815126,CurbRamp,University District,76.6,Medium
33_22,47.66358255935928,-122.30615195581468,114,2.412280701754386,5.0,0.07627118644067797,CurbRamp,University District,72.5,Medium
33_23,47.66234041849772,-122.30061149597168,59,2.847457627118644,5.0,0.0,CurbRamp,University District,83.2,Medium
33_24,47.6637954252312,-122.29504449683499,82,3.207317073170732,5.0,0.0,NoSidewalk,Ravenna,73.7,High
33_25,47.66242865876779,-122.29114809515755,179,2.9385474860335195,5.0,0.00558659217877095,CurbRamp,Bryant,47.4,Medium
33_26,47.66359200588492,-122.28652293183083,156,2.628205128205128,5.0,0.011627906976744186,NoCurbRamp,Bryant,59.0,Medium
33_27,47.663227303514205,-122.28091601029183,103,2.5533980582524274,5.0,0.0,CurbRamp,Laurelhurst,73.7,Medium
33_28,47.662639098913495,-122.27620795632706,145,2.2344827586206897,5.0,0.006802721088435374,CurbRamp,Laurelhurst,67.6,Medium
33_29,47.66188492494471,-122.27129016203038,67,2.074626865671642,5.0,0.0,CurbRamp,Laurelhurst,86.1,Medium
33_3,47.662984478858206,-122.40023065382435,62,3.774193548387097,5.0,0.0,NoSidewalk,Lawton Park,76.6,High
33_4,47.66205849518647,-122.39686068973026,70,3.0285714285714285,5.0,0.013513513513513514,NoSidewalk,Lawton Park,78.8,High
33_5,47.66177738414091,-122.39133475808536,26,3.0384615384615383,5.0,0.0,NoSidewalk,Interbay,92.1,Medium
33_6,47.66077762179904,-122.38735792371962,8,5.0,5.0,0.0,NoSidewalk,Interbay,96.0,Medium
33_7,47.66426329179244,-122.37995159264767,65,2.8615384615384616,5.0,0.0,NoCurbRamp,Adams,81.4,Medium
33_8,47.66368767193386,-122.37498767035348,110,2.272727272727273,5.0,0.03571428571428571,CurbRamp,West Woodland,75.0,Medium
33_9,47.66291134174053,-122.37034391745543,114,2.245614035087719,5.0,0.008547008547008548,CurbRamp,West Woodland,74.4,Medium
34_0,47.66986846923828,-122.41400337219238,12,3.1666666666666665,4.0,0.5,Obstacle,Lawton Park,96.2,Medium
34_1,47.668424001554165,-122.40926054047375,78,4.012820512820513,5.0,0.024390243902439025,NoSidewalk,Lawton Park,68.7,High
34_10,47.66823657353719,-122.36578261057535,115,2.0695652173913044,5.0,0.016666666666666666,CurbRamp,West Woodland,76.2,Medium
34_11,47.66763171478731,-122.36123787578026,198,2.404040404040404,5.0,0.0,CurbRamp,West Woodland,52.4,Medium
34_12,47.6678810579231,-122.35611729449536,163,2.8650306748466257,5.0,0.0,NoCurbRamp,Phinney Ridge,53.3,Medium
34_14,47.665462493896484,-122.34734344482422,1,4.0,4.0,0.0,NoSidewalk,Phinney Ridge,99.6,Medium
34_15,47.66861359278361,-122.33986606597901,119,3.504201680672269,5.0,0.0,NoCurbRamp,Wallingford,58.3,High
34_16,47.66791409009124,-122.33585608495424,144,3.8541666666666665,5.0,0.0,NoCurbRamp,Wallingford,44.5,High
34_17,47.66789468129476,-122.3308673271766,154,3.4545454545454546,5.0,0.0,NoCurbRamp,Wallingford,46.8,High
34_18,47.66805571269214,-122.32667280987995,121,3.1074380165289255,5.0,0.0,NoCurbRamp,Wallingford,62.4,High
34_19,47.66773697181984,-122.32127747712312,104,2.8846153846153846,5.0,0.027777777777777776,NoCurbRamp,University District,70.0,Medium
34_2,47.667980116240834,-122.40502229028819,48,3.8333333333333335,5.0,0.0,NoSidewalk,Sunset Hill,81.6,Medium
34_20,47.668155864133674,-122.31584445500778,118,2.9915254237288136,5.0,0.07627118644067797,CurbRamp,University District,64.7,Medium
34_21,47.66814509446059,-122.31116721300575,123,2.5853658536585367,5.0,0.016260162601626018,CurbRamp,University District,68.2,Medium
34_22,47.66809627797344,-122.30575391561678,194,2.8917525773195876,5.0,0.01485148514851485,NoCurbRamp,University District,43.9,Medium
34_23,47.66779482964031,-122.300545207615,176,2.4431818181818183,5.0,0.01675977653631285,CurbRamp,Ravenna,57.0,Medium
34_24,47.66787552165094,-122.29576360399479,106,3.0754716981132075,4.0,0.009345794392523364,NoCurbRamp,Ravenna,67.4,High
34_25,47.6690424437164,-122.29046015585622,93,2.129032258064516,5.0,0.010752688172043012,CurbRamp,Ravenna,80.2,Medium
34_26,47.668137216955664,-122.28648686602833,117,2.5384615384615383,5.0,0.0,CurbRamp,Bryant,70.3,Medium
34_27,47.6679114376206,-122.28051380938794,83,2.4096385542168677,5.0,0.0,CurbRamp,Bryant,80.0,Medium
34_28,47.667934067395265,-122.27607158738739,96,2.4791666666666665,5.0,0.0,CurbRamp,Laurelhurst,76.2,Medium
34_29,47.668020293826146,-122.2708006359282,80,3.3375,5.0,0.0,NoSidewalk,Windermere,73.3,High
34_3,47.6683843703497,-122.40146019345238,61,2.901639344262295,5.0,0.0,NoSidewalk,Sunset Hill,82.3,Medium
34_30,47.668384716074954,-122.26601221228158,92,3.3260869565217392,5.0,0.0,NoSidewalk,Windermere,69.4,High
34_31,47.66870700611788,-122.26150862749886,57,3.508771929824561,5.0,0.0,NoSidewalk,Windermere,80.0,High
34_32,47.67008590698242,-122.25801849365234,1,4.0,4.0,0.0,NoCurbRamp,Windermere,99.6,Medium
34_4,47.66918208681304,-122.39610514147529,55,2.5090909090909093,5.0,0.0,CurbRamp,Adams,86.2,Medium
34_5,47.669560364314485,-122.39177404131208,54,2.9074074074074074,4.0,0.0,CurbRamp,Adams,84.3,Medium
34_6,47.66837123524059,-122.38563815030184,109,2.5688073394495414,5.0,0.0,CurbRamp,Adams,72.0,Medium
34_7,47.66779463812215,-122.38103480054842,150,2.2533333333333334,5.0,0.019867549668874173,CurbRamp,Adams,66.2,Medium
34_8,47.66763712378109,-122.37515382205738,135,2.3407407407407406,5.0,0.03676470588235294,CurbRamp,West Woodland,68.4,Medium
34_9,47.66787470603476,-122.36998349144345,147,2.4829931972789114,5.0,0.013605442176870748,NoCurbRamp,West Woodland,63.5,Medium
35_1,47.67093637254503,-122.40939373440213,18,3.8333333333333335,5.0,0.0,NoSidewalk,Lawton Park,93.1,Medium
35_10,47.67274366106306,-122.36524986734196,95,2.210526315789474,3.0,0.0,CurbRamp,West Woodland,79.0,Medium
35_11,47.67270719593969,-122.36116540843042,113,2.6548672566371683,5.0,0.02586206896551724,CurbRamp,West Woodland,70.0,Medium
35_12,47.67275128122103,-122.35596718222408,118,2.669491525423729,5.0,0.0,NoCurbRamp,Phinney Ridge,68.5,Medium
35_13,47.67332136572861,-122.35067064238757,201,3.08955223880597,5.0,0.0,NoCurbRamp,Phinney Ridge,37.9,High
35_14,47.67337259014001,-122.34721674544087,87,2.689655172413793,5.0,0.0,CurbRamp,Phinney Ridge,76.6,Medium
35_15,47.67079015878531,-122.34298706054688,13,4.0,4.0,0.0,SurfaceProblem,Green Lake,94.8,Medium
35_16,47.672457172024636,-122.33517712008569,151,3.0463576158940397,5.0,0.0064516129032258064,NoCurbRamp,Green Lake,54.0,High
35_17,47.67328149958174,-122.33130426924357,128,3.3203125,5.0,0.0,NoCurbRamp,Green Lake,57.5,High
35_18,47.672864643668355,-122.32626975982295,242,3.2520661157024793,5.0,0.004048582995951417,NoCurbRamp,Green Lake,21.299999999999997,High
35_19,47.67312839296129,-122.32060697343614,216,2.9212962962962963,5.0,0.018518518518518517,CurbRamp,Roosevelt,36.9,Medium
35_2,47.6728813595242,-122.40423482259115,89,3.067415730337079,4.0,0.0,NoSidewalk,Sunset Hill,72.7,High
35_20,47.67271382621165,-122.31586996357093,173,2.398843930635838,5.0,0.011235955056179775,CurbRamp,Roosevelt,58.5,Medium
35_21,47.67297143521516,-122.31134141009787,88,2.75,5.0,0.0,NoCurbRamp,Ravenna,75.8,Medium
35_22,47.673837135578026,-122.30583506617053,115,3.0521739130434784,4.0,0.008620689655172414,NoCurbRamp,Ravenna,64.9,High
35_23,47.67280877431234,-122.30070781707764,116,3.0172413793103448,5.0,0.0,NoCurbRamp,Ravenna,65.0,High
35_24,47.67318816923759,-122.29592508665273,70,2.7714285714285714,4.0,0.0,NoCurbRamp,Ravenna,80.6,Medium
35_25,47.673112771449944,-122.29089101155598,78,2.5384615384615383,5.0,0.0,CurbRamp,Ravenna,80.2,Medium
35_26,47.673237569708576,-122.28579575388055,94,2.606382978723404,5.0,0.010526315789473684,NoCurbRamp,Bryant,75.5,Medium
35_27,47.67284878094991,-122.28094577789307,90,3.088888888888889,5.0,0.010416666666666666,NoCurbRamp,Bryant,72.2,High
35_28,47.67216964389967,-122.27648793096128,46,2.891304347826087,5.0,0.021739130434782608,NoCurbRamp,Windermere,86.7,Medium
35_29,47.672983050346375,-122.27075203259785,89,2.7865168539325844,5.0,0.03125,SurfaceProblem,Windermere,75.2,Medium
35_3,47.673003578186034,-122.40126085281372,80,2.575,5.0,0.0,NoCurbRamp,Sunset Hill,79.4,Medium
35_30,47.673211294507226,-122.26528773232111,62,2.661290322580645,4.0,0.0,NoCurbRamp,Windermere,83.5,Medium
35_31,47.67339849472046,-122.26130027770996,40,2.5,5.0,0.075,CurbRamp,Windermere,90.0,Medium
35_32,47.67299261860464,-122.25698738536616,84,3.2142857142857144,5.0,0.0,NoSidewalk,Windermere,73.0,High
35_4,47.67280563798923,-122.39612408980582,101,2.8415841584158414,5.0,0.0,NoCurbRamp,Adams,71.3,Medium
35_5,47.67312507259036,-122.39156497103497,101,3.00990099009901,5.0,0.0,NoCurbRamp,Adams,69.6,High
35_6,47.673193578850736,-122.3859632309169,141,2.5602836879432624,5.0,0.02054794520547945,CurbRamp,Adams,63.9,Medium
35_7,47.67306314665696,-122.38084207732102,101,2.1881188118811883,5.0,0.017241379310344827,CurbRamp,Adams,77.9,Medium
35_8,47.67344046372634,-122.37514043954702,125,2.0,5.0,0.023076923076923078,CurbRamp,West Woodland,75.0,Medium
35_9,47.67301972000687,-122.3701981721101,129,2.627906976744186,5.0,0.007407407407407408,NoCurbRamp,West Woodland,66.1,Medium
36_10,47.677876042384725,-122.36598629421658,152,2.4407894736842106,4.0,0.0,CurbRamp,Whittier Heights,62.9,Medium
36_11,47.677034781012736,-122.3613033026037,71,2.6056338028169015,5.0,0.0,CurbRamp,Phinney Ridge,81.5,Medium
36_12,47.677681322450994,-122.35591775399668,108,2.064814814814815,5.0,0.018518518518518517,CurbRamp,Phinney Ridge,77.7,Medium
36_13,47.67801679883684,-122.35109438214984,140,2.9714285714285715,5.0,0.0,NoCurbRamp,Phinney Ridge,58.4,Medium
36_14,47.678192907525585,-122.3465216584908,127,2.858267716535433,5.0,0.0,CurbRamp,Phinney Ridge,63.7,Medium
36_17,47.67667361100515,-122.33062767982483,96,2.3958333333333335,5.0,0.0,SurfaceProblem,Green Lake,77.0,Medium
36_18,47.677884147280736,-122.32574626377651,166,2.180722891566265,4.0,0.03571428571428571,CurbRamp,Green Lake,63.8,Medium
36_19,47.678184974921145,-122.32113149580262,202,2.6435643564356437,5.0,0.004694835680751174,CurbRamp,Green Lake,46.6,Medium
36_2,47.67710039213106,-122.40436742212866,76,2.9078947368421053,5.0,0.0,NoSidewalk,Sunset Hill,77.9,Medium
36_20,47.67746982355227,-122.3162113058156,172,2.436046511627907,5.0,0.0,CurbRamp,Roosevelt,58.1,Medium
36_21,47.67738048286195,-122.31063891368306,156,2.0961538461538463,4.0,0.0,CurbRamp,Ravenna,67.3,Medium
36_22,47.67752647399902,-122.30595537134118,143,2.3986013986013988,5.0,0.0,CurbRamp,Ravenna,65.7,Medium
36_23,47.67747715137623,-122.30084816261574,133,2.3233082706766917,4.0,0.0,CurbRamp,Ravenna,69.1,Medium
36_24,47.67768744059971,-122.29602207456317,110,2.8181818181818183,4.0,0.008928571428571428,NoCurbRamp,Ravenna,69.0,Medium
36_25,47.67799459604117,-122.29100576547476,129,1.9844961240310077,5.0,0.03076923076923077,CurbRamp,Ravenna,74.4,Medium
36_26,47.67788036449535,-122.28595156282992,111,1.7837837837837838,5.0,0.036036036036036036,CurbRamp,Bryant,80.2,Medium
36_27,47.67799116064001,-122.28070266158493,102,1.803921568627451,4.0,0.0,CurbRamp,View Ridge,81.6,Medium
36_28,47.67756569522551,-122.27617917115661,86,2.813953488372093,5.0,0.0,CurbRamp,View Ridge,75.8,Medium
36_29,47.678016854704715,-122.27097298601548,122,2.4508196721311477,5.0,0.007194244604316547,CurbRamp,View Ridge,70.1,Medium
36_3,47.67816321746163,-122.40091750932777,180,2.966666666666667,5.0,0.005434782608695652,NoCurbRamp,Sunset Hill,46.6,Medium
36_30,47.67822157915901,-122.26581340116613,82,2.573170731707317,5.0,0.0,CurbRamp,View Ridge,78.9,Medium
36_31,47.677677054154245,-122.26091264423572,75,3.88,5.0,0.0,NoSidewalk,Sand Point,70.9,High
36_32,47.6755256652832,-122.25812530517578,1,4.0,4.0,0.0,NoSidewalk,Sand Point,99.6,Medium
36_4,47.67806889460637,-122.39634645902194,129,2.550387596899225,4.0,0.0,NoCurbRamp,Sunset Hill,67.1,Medium
36_5,47.678525745539375,-122.39101502645082,177,2.5706214689265536,5.0,0.0,CurbRamp,Loyal Heights,54.5,Medium
36_6,47.678520111083984,-122.3861905517578,113,2.6194690265486726,5.0,0.0,NoCurbRamp,Loyal Heights,70.4,Medium
36_7,47.67895650106763,-122.38151174878317,124,3.2903225806451615,5.0,0.007936507936507936,NoCurbRamp,Loyal Heights,59.2,High
36_8,47.67824480010242,-122.37562393560643,118,2.059322033898305,5.0,0.008130081300813009,CurbRamp,Whittier Heights,75.7,Medium
36_9,47.67792090534294,-122.37066862008868,126,1.9206349206349207,5.0,0.0072992700729927005,CurbRamp,Whittier Heights,75.8,Medium
37_10,47.682671510256256,-122.36661962362436,102,2.8137254901960786,5.0,0.019230769230769232,CurbRamp,Whittier Heights,71.3,Medium
37_11,47.68145544735002,-122.36143145149137,80,2.8625,5.0,0.0,NoCurbRamp,Phinney Ridge,77.1,Medium
37_12,47.68192739335318,-122.35645451621404,63,2.3492063492063493,4.0,0.0,CurbRamp,Phinney Ridge,85.2,Medium
37_13,47.6826293861473,-122.35159980857765,91,2.989010989010989,5.0,0.0,NoCurbRamp,Phinney Ridge,72.8,Medium
37_14,47.68268502112662,-122.34499366684716,97,2.4948453608247423,5.0,0.0,CurbRamp,Green Lake,75.8,Medium
37_15,47.68378805502867,-122.34127572866586,78,2.4358974358974357,5.0,0.01282051282051282,CurbRamp,Green Lake,81.0,Medium
37_16,47.68458983477424,-122.3350695441751,17,2.235294117647059,4.0,0.0,CurbRamp,Green Lake,96.2,Low
37_17,47.68419530915051,-122.3311598242783,82,3.4390243902439024,5.0,0.0,NoCurbRamp,Green Lake,71.8,High
37_18,47.68317494247899,-122.32618047540838,160,2.84375,5.0,0.01818181818181818,NoCurbRamp,Green Lake,54.5,Medium
37_19,47.68281319623436,-122.32134726268998,182,2.978021978021978,5.0,0.0,NoCurbRamp,Roosevelt,45.8,Medium
37_2,47.68096160888672,-122.40396118164062,1,3.0,3.0,0.0,NoSidewalk,Sunset Hill,99.7,Medium
37_20,47.68335097357137,-122.31629903427023,151,2.980132450331126,4.0,0.0,NoSidewalk,Roosevelt,55.0,Medium
37_21,47.683388316303216,-122.31040786603175,104,2.9326923076923075,5.0,0.0,NoCurbRamp,Roosevelt,69.5,Medium
37_22,47.68299389793759,-122.306105695452,104,2.826923076923077,5.0,0.0,NoCurbRamp,Ravenna,70.6,Medium
37_23,47.682688767055296,-122.30084847504239,104,2.769230769230769,5.0,0.0,CurbRamp,Ravenna,71.2,Medium
37_24,47.683323213423805,-122.2961602046572,82,3.341463414634146,5.0,0.0,CurbRamp,Ravenna,72.6,High
37_25,47.68346980522419,-122.29093308284365,114,2.912280701754386,5.0,0.0,CurbRamp,Ravenna,66.8,Medium
37_26,47.68313755580357,-122.2857022530692,166,2.9216867469879517,5.0,0.0,CurbRamp,Bryant,51.5,Medium
37_27,47.683554097225795,-122.28123621355023,112,3.419642857142857,5.0,0.0,NoSidewalk,View Ridge,61.7,High
37_28,47.68251487536308,-122.27564200376852,38,2.0,4.0,0.0,CurbRamp,View Ridge,92.4,Medium
37_29,47.68179000854492,-122.27092071533202,48,2.0833333333333335,5.0,0.0,CurbRamp,View Ridge,90.0,Medium
37_3,47.682420514293554,-122.39981362254349,94,2.765957446808511,4.0,0.010309278350515464,NoCurbRamp,Sunset Hill,74.0,Medium
37_30,47.68298984268337,-122.26605461639107,98,3.3877551020408165,5.0,0.0,NoSidewalk,View Ridge,66.8,High
37_31,47.68180717612213,-122.26158084509508,49,2.5714285714285716,5.0,0.0,CurbRamp,Sand Point,87.4,Medium
37_4,47.68320427442852,-122.39614466616982,148,2.9662162162162162,4.0,0.0,NoCurbRamp,Sunset Hill,56.1,Medium
37_5,47.68286840305772,-122.39092405452284,172,2.813953488372093,5.0,0.0,NoCurbRamp,Loyal Heights,51.6,Medium
37_6,47.682782859133,-122.38584558587326,110,2.6363636363636362,5.0,0.017543859649122806,NoCurbRamp,Loyal Heights,71.0,Medium
37_7,47.682777229620484,-122.38132251038843,185,3.151351351351351,5.0,0.03571428571428571,NoCurbRamp,Loyal Heights,41.7,High
37_8,47.68298372482871,-122.37593502921854,180,2.5055555555555555,5.0,0.0053475935828877,CurbRamp,Whittier Heights,54.9,Medium
37_9,47.68330710274832,-122.37072404225667,164,2.9390243902439024,5.0,0.017857142857142856,NoCurbRamp,Whittier Heights,51.8,Medium
38_10,47.68805386604519,-122.36672077703913,107,2.560747663551402,5.0,0.0,CurbRamp,Whittier Heights,72.6,Medium
38_11,47.68842025756836,-122.36180358886719,25,2.2,5.0,0.0,CurbRamp,Whittier Heights,94.5,Medium
38_12,47.68803838094075,-122.35649871826172,30,2.1333333333333333,4.0,0.0,CurbRamp,Phinney Ridge,93.6,Medium
38_13,47.68677266438802,-122.35190455118816,30,2.7666666666666666,5.0,0.0,CurbRamp,Phinney Ridge,91.7,Medium
38_14,47.68805496365416,-122.34511880313649,101,2.01980198019802,5.0,0.00980392156862745,CurbRamp,Green Lake,79.6,Medium
38_15,47.68790287971497,-122.34078369140624,157,2.388535031847134,4.0,0.0,SurfaceProblem,Green Lake,62.5,Medium
38_16,47.68761316935221,-122.3366259325732,110,2.3181818181818183,5.0,0.0,CurbRamp,Green Lake,74.5,Medium
38_17,47.68781804023905,-122.33092807201629,188,2.904255319148936,5.0,0.005319148936170213,SurfaceProblem,Green Lake,45.4,Medium
38_18,47.6878773703504,-122.32613873837599,134,3.1343283582089554,5.0,0.0,NoCurbRamp,Roosevelt,58.0,High
38_19,47.68803367614746,-122.32153306440874,110,2.6545454545454548,5.0,0.0,CurbRamp,Roosevelt,70.8,Medium
38_20,47.68781162232391,-122.31580683981726,128,3.0,5.0,0.0,NoSidewalk,Roosevelt,61.6,High
38_21,47.688380662132715,-122.31105462242576,131,2.7557251908396947,5.0,0.0,NoCurbRamp,Roosevelt,63.9,Medium
38_22,47.68808181762695,-122.3057453918457,148,2.885135135135135,5.0,0.06,CurbRamp,Ravenna,57.3,Medium
38_23,47.687904357910156,-122.30181458938954,84,3.0595238095238093,5.0,0.0,CurbRamp,Ravenna,74.3,High
38_24,47.68864411574144,-122.29631148118239,126,3.9126984126984126,5.0,0.007692307692307693,NoSidewalk,Ravenna,50.7,High
38_25,47.688052548302544,-122.29042371114095,140,3.3857142857142857,5.0,0.0,NoCurbRamp,Ravenna,52.6,High
38_26,47.688241109360746,-122.28616639297374,136,3.4411764705882355,5.0,0.0072992700729927005,CurbRamp,Bryant,53.2,High
38_27,47.68791262308756,-122.28188510969574,97,3.4948453608247423,5.0,0.0,NoSidewalk,View Ridge,66.1,High
38_3,47.68902718483865,-122.40104510333087,109,3.0642201834862384,4.0,0.0,NoSidewalk,Sunset Hill,66.6,High
38_30,47.68709221864358,-122.26612658378406,37,4.108108108108108,5.0,0.0,NoSidewalk,View Ridge,84.8,Medium
38_4,47.68812254917474,-122.39612485155646,79,1.9493670886075949,4.0,0.0,CurbRamp,Sunset Hill,84.6,Medium
38_5,47.687751611073814,-122.39053400357564,96,2.3854166666666665,5.0,0.0,CurbRamp,Loyal Heights,77.1,Medium
38_6,47.687354077790914,-122.38592946905838,93,2.4838709677419355,5.0,0.0,CurbRamp,Loyal Heights,76.9,Medium
38_7,47.687731717540096,-122.38120695131015,108,2.962962962962963,5.0,0.02654867256637168,NoCurbRamp,Loyal Heights,68.0,Medium
38_8,47.68763979019657,-122.37599760486233,62,3.161290322580645,5.0,0.016129032258064516,NoCurbRamp,Whittier Heights,80.4,High
38_9,47.68796169167698,-122.37062042538483,100,2.9,5.0,0.009900990099009901,NoCurbRamp,Whittier Heights,71.0,Medium
39_10,47.69240875244141,-122.3668529663086,124,3.8225806451612905,5.0,0.0,NoSidewalk,Whittier Heights,52.6,High
39_11,47.69214630126953,-122.36156657590705,58,4.344827586206897,5.0,0.0,NoSidewalk,Whittier Heights,74.8,High
39_12,47.69467798868815,-122.35392761230469,14,4.428571428571429,5.0,0.0,NoSidewalk,Green Lake,93.8,Medium
39_13,47.69206653941762,-122.35249629165187,30,2.9,5.0,0.0,CurbRamp,Green Lake,91.3,Medium
39_14,47.692437296328336,-122.34528947913128,46,1.826086956521739,5.0,0.0,CurbRamp,Green Lake,91.6,Medium
39_15,47.690551122029625,-122.34033923678928,18,1.6111111111111112,3.0,0.0,CurbRamp,Green Lake,97.1,Low
39_16,47.691052754720054,-122.3358648390997,20,2.0,4.0,0.0,CurbRamp,Green Lake,96.0,Medium
39_17,47.69207611083984,-122.33305969238282,5,3.2,4.0,0.0,NoSidewalk,Green Lake,98.4,Medium
39_19,47.69254563984118,-122.32283622340152,19,2.210526315789474,4.0,0.0,CurbRamp,Roosevelt,95.8,Low
39_20,47.69219716389974,-122.3166009812128,21,1.8571428571428572,3.0,0.0,CurbRamp,Roosevelt,96.1,Medium
39_21,47.69338734944662,-122.30982716878255,5,3.2,4.0,0.0,CurbRamp,Roosevelt,98.4,Medium
39_22,47.692352330909586,-122.30458659046101,104,4.038461538461538,5.0,0.0,NoSidewalk,Ravenna,58.0,High
39_23,47.6931494895858,-122.300593289462,196,4.36734693877551,5.0,0.0,NoSidewalk,Ravenna,14.400000000000006,High
39_24,47.69284162960292,-122.29533561802309,233,4.390557939914163,5.0,0.0,NoSidewalk,Ravenna,0.0,High
39_25,47.69282230734825,-122.29120045900345,248,3.9879032258064515,5.0,0.0,NoSidewalk,Ravenna,1.0999999999999943,High
39_26,47.693056611453784,-122.28680835050694,186,4.634408602150538,5.0,0.0,NoSidewalk,View Ridge,13.799999999999983,High
39_27,47.693237017559746,-122.2815683836578,86,4.325581395348837,5.0,0.0,NoSidewalk,View Ridge,62.8,High
39_28,47.69158592224121,-122.27460899353028,20,3.25,5.0,0.0,NoCurbRamp,View Ridge,93.5,Medium
39_29,47.69147138595581,-122.27151355743408,38,3.4473684210526314,5.0,0.025,NoSidewalk,View Ridge,86.9,Medium
39_3,47.69347171125741,-122.40023772141029,144,3.1805555555555554,5.0,0.0,NoSidewalk,Sunset Hill,54.2,High
39_4,47.692347465677464,-122.39535051711063,93,2.6989247311827955,3.0,0.0,NoSidewalk,Sunset Hill,74.9,Medium
39_5,47.69286549677614,-122.3912805651055,118,2.9491525423728815,3.0,0.0,NoSidewalk,Loyal Heights,65.2,Medium
39_6,47.693256295245625,-122.38561472685441,89,2.5842696629213484,5.0,0.0,SurfaceProblem,Loyal Heights,77.0,Medium
39_7,47.69219458364222,-122.38053821647254,135,3.977777777777778,5.0,0.0,NoSidewalk,Loyal Heights,46.3,High
39_8,47.6926513846594,-122.37676343845047,131,3.267175572519084,5.0,0.0,NoSidewalk,Loyal Heights,57.2,High
39_9,47.69275307755091,-122.37085040742882,238,3.903361344537815,5.0,0.0,NoSidewalk,Whittier Heights,7.099999999999994,High
3_27,47.51481737409319,-122.2788827078683,6,4.0,4.0,0.0,NoSidewalk,Mount Baker,97.6,Medium
3_28,47.511896209716795,-122.27440368652344,24,4.0,4.0,0.0,NoSidewalk,Mount Baker,90.4,Medium
3_29,47.51214175754123,-122.27245415581598,18,3.8333333333333335,4.0,0.0,NoSidewalk,Mount Baker,93.1,Medium
3_30,47.514330182756694,-122.26401628766742,6,2.8333333333333335,4.0,0.0,CurbRamp,Mount Baker,98.3,Low
3_31,47.5124434613167,-122.26064479097407,46,3.130434782608696,4.0,0.0,NoCurbRamp,Mount Baker,85.6,Medium
3_32,47.51326674681444,-122.25613975524902,92,3.0543478260869565,5.0,0.019230769230769232,NoCurbRamp,Mount Baker,71.9,High
3_33,47.5118285285102,-122.2515631781684,16,3.625,4.0,0.0,NoCurbRamp,Mount Baker,94.2,Medium
3_34,47.51045608520508,-122.24363708496094,1,4.0,4.0,0.0,NoSidewalk,Mount Baker,99.6,Medium
3_35,47.51049364530123,-122.24228316086989,13,4.0,4.0,0.0,NoSidewalk,Mount Baker,94.8,Medium
3_5,47.51374740600586,-122.39037450154622,29,3.5172413793103448,5.0,0.0,NoSidewalk,Industrial District,89.8,Medium
3_6,47.51424865722656,-122.38558731079101,10,3.3,4.0,0.0,NoSidewalk,Industrial District,96.7,Medium
3_7,47.510610580444336,-122.3831672668457,2,4.0,4.0,0.0,Obstacle,Industrial District,99.2,Medium
3_8,47.513551009328744,-122.37511082699424,16,3.1875,5.0,0.05263157894736842,SurfaceProblem,Industrial District,94.9,Medium
40_10,47.69779431722998,-122.36699571066755,122,4.442622950819672,5.0,0.0,NoSidewalk,Whittier Heights,45.8,High
40_12,47.698083196367534,-122.35527601696197,79,4.063291139240507,5.0,0.0,NoSidewalk,Whittier Heights,67.9,High
40_13,47.69881922858102,-122.35123348236084,52,4.134615384615385,5.0,0.0,NoSidewalk,Green Lake,78.5,High
40_14,47.698917865753174,-122.34449768066406,8,1.875,4.0,0.0,CurbRamp,Green Lake,98.5,Low
40_15,47.699239095052086,-122.34332784016927,3,3.6666666666666665,5.0,0.0,CurbRamp,Green Lake,98.9,Medium
40_16,47.69786834716797,-122.33491516113281,1,1.0,1.0,0.0,CurbRamp,Green Lake,99.9,Low
40_18,47.697872924804685,-122.3257064819336,5,4.6,5.0,0.0,NoSidewalk,Roosevelt,97.7,Medium
40_19,47.69699001312256,-122.32246998378209,28,2.142857142857143,5.0,0.0,CurbRamp,Roosevelt,94.0,Medium
40_20,47.699303732977974,-122.3156698015001,35,3.3714285714285714,5.0,0.1111111111111111,Obstacle,Roosevelt,88.2,Medium
40_21,47.699935566295274,-122.31223227761008,11,3.5454545454545454,5.0,0.09090909090909091,Obstacle,Roosevelt,96.1,Medium
40_22,47.69725487871868,-122.30554813291968,81,3.876543209876543,5.0,0.0,NoSidewalk,Ravenna,68.6,High
40_23,47.69748999855735,-122.30016200427703,186,4.467741935483871,5.0,0.0,NoSidewalk,Ravenna,16.900000000000006,High
40_24,47.69788444648355,-122.29594825486005,232,4.198275862068965,5.0,0.0,NoSidewalk,Ravenna,2.5999999999999943,High
40_25,47.69689911777533,-122.2919447815534,98,3.5918367346938775,5.0,0.0,NoSidewalk,Ravenna,64.8,High
40_26,47.696387197457106,-122.28607260012159,98,4.163265306122449,5.0,0.0,NoSidewalk,View Ridge,59.2,High
40_27,47.69719833135605,-122.2820554971695,62,4.67741935483871,5.0,0.0,NoSidewalk,View Ridge,71.0,High
40_3,47.69656765099728,-122.39933799974847,31,3.0,3.0,0.0,NoSidewalk,Sunset Hill,90.7,Medium
40_4,47.69813697568832,-122.39702852310673,30,3.0,3.0,0.0,NoSidewalk,Sunset Hill,91.0,Medium
40_5,47.69828750610352,-122.39107187906902,70,3.0,3.0,0.0,NoSidewalk,Loyal Heights,79.0,High
40_6,47.69787393297468,-122.38643510001046,81,3.0,3.0,0.0,NoSidewalk,Loyal Heights,75.7,High
40_7,47.69897592984713,-122.3803501862746,100,3.0,3.0,0.0,NoSidewalk,Loyal Heights,70.0,High
40_8,47.698410831798206,-122.37555216008967,110,4.4,5.0,0.0,NoSidewalk,Whittier Heights,51.599999999999994,High
40_9,47.69764598846436,-122.37027141571045,196,4.158163265306122,5.0,0.0,NoSidewalk,Whittier Heights,18.500000000000014,High
41_10,47.70151742299398,-122.36652755737305,12,1.4166666666666667,3.0,0.0,CurbRamp,Whittier Heights,98.3,Low
41_11,47.705103737967356,-122.36119878859748,20,2.55,3.0,0.0,NoSidewalk,Whittier Heights,94.9,Medium
41_12,47.701398849487305,-122.35805130004883,2,4.5,5.0,0.0,CurbRamp,Whittier Heights,99.1,Medium
41_13,47.70402672950258,-122.3507955023583,46,2.5,5.0,0.0,CurbRamp,Green Lake,88.5,Medium
41_14,47.70236220183196,-122.34573929398148,25,2.2,5.0,0.0,CurbRamp,Green Lake,94.5,Medium
41_15,47.70261783287173,-122.34045885430008,57,3.8771929824561404,5.0,0.06557377049180328,NoSidewalk,Green Lake,77.9,High
41_16,47.703321729387554,-122.33688814677889,61,4.065573770491803,5.0,0.07936507936507936,NoSidewalk,Green Lake,75.2,High
41_18,47.70124816894531,-122.32344818115234,1,1.0,1.0,0.0,CurbRamp,Roosevelt,99.9,Low
41_19,47.70206756591797,-122.32309087117513,30,2.066666666666667,5.0,0.0,CurbRamp,Roosevelt,93.8,Medium
41_20,47.70143226340965,-122.31536554407191,25,4.08,5.0,0.0,NoSidewalk,Roosevelt,89.8,Medium
41_22,47.70359969139099,-122.3039779663086,14,5.0,5.0,0.0,NoSidewalk,Ravenna,93.0,Medium
41_23,47.70423413629401,-122.30038117709225,73,3.863013698630137,5.0,0.0,NoSidewalk,Ravenna,71.8,High
41_24,47.703614496551786,-122.29590167830476,113,4.247787610619469,5.0,0.0,NoSidewalk,Ravenna,51.99999999999999,High
41_26,47.70165252685547,-122.28343963623047,0,1.0,1.0,0.0,Obstacle,View Ridge,50.0,Low
41_27,47.703494208199636,-122.28135735648019,10,3.8,5.0,0.0,NoSidewalk,View Ridge,96.2,Medium
41_5,47.70072555541992,-122.39097747802734,15,3.0,3.0,0.0,NoSidewalk,Loyal Heights,95.5,Medium
41_7,47.702966735118956,-122.38049736924059,127,3.0,3.0,0.0,NoSidewalk,Loyal Heights,61.9,High
41_8,47.7022102355957,-122.37619664809283,85,3.8,5.0,0.0,NoSidewalk,Whittier Heights,67.7,High
41_9,47.702592253685,-122.37072509527206,248,4.536290322580645,5.0,0.0,NoSidewalk,Whittier Heights,0.0,High
42_10,47.70672035217285,-122.36669921875,30,3.0,3.0,0.0,NoSidewalk,Whittier Heights,91.0,Medium
42_11,47.70804457968854,-122.36137227809175,45,3.1333333333333333,5.0,0.0,NoSidewalk,Whittier Heights,85.9,Medium
42_12,47.70926358149602,-122.35531733586238,51,3.5686274509803924,5.0,0.0,NoSidewalk,Green Lake,81.8,High
42_13,47.706942058744886,-122.3520278930664,21,2.142857142857143,3.0,0.0,NoSidewalk,Green Lake,95.5,Medium
42_14,47.70634365081787,-122.34764862060547,4,3.0,3.0,0.0,NoSidewalk,Green Lake,98.8,Medium
42_15,47.70688056945801,-122.33988952636719,0,1.0,1.0,0.0,NoSidewalk,Green Lake,50.0,Low
42_16,47.7060292561849,-122.3338139851888,3,2.3333333333333335,3.0,0.3333333333333333,CurbRamp,Green Lake,99.3,Low
42_17,47.70936043031754,-122.32872599940146,31,3.2903225806451615,5.0,0.0,NoSidewalk,Roosevelt,89.8,Medium
42_18,47.70929751676672,-122.32525096220128,34,3.1470588235294117,4.0,0.0,NoSidewalk,Roosevelt,89.3,Medium
42_19,47.709564208984375,-122.32321421305339,3,1.0,1.0,0.0,CurbRamp,Roosevelt,99.7,Low
42_20,47.70940235682896,-122.3155757359096,34,3.6470588235294117,5.0,0.05714285714285714,NoSidewalk,Roosevelt,87.6,Medium
42_21,47.70676858084543,-122.31240626743862,7,3.2857142857142856,5.0,0.0,CurbRamp,Roosevelt,97.7,Medium
42_22,47.70811367034912,-122.3039984703064,16,3.6875,5.0,0.0625,NoSidewalk,Ravenna,94.1,Medium
42_23,47.70811287237673,-122.30056077606824,98,4.285714285714286,5.0,0.02040816326530612,NoSidewalk,Ravenna,58.0,High
42_24,47.70909824501089,-122.29641905285064,147,4.238095238095238,5.0,0.0,NoSidewalk,Ravenna,37.7,High
42_25,47.70860481262207,-122.29147720336914,2,4.0,4.0,0.0,NoSidewalk,View Ridge,99.2,Medium
42_8,47.70815582275391,-122.3749605814616,30,3.0,3.0,0.0,NoSidewalk,Whittier Heights,91.0,Medium
42_9,47.70795440673828,-122.37140401204427,24,3.0,3.0,0.0,NoSidewalk,Whittier Heights,92.8,Medium
43_11,47.7127799987793,-122.35935516357422,14,3.4285714285714284,5.0,0.0,NoSidewalk,Whittier Heights,95.2,Medium
43_12,47.711807552136875,-122.3568528827868,37,3.5135135135135136,5.0,0.02631578947368421,Obstacle,Whittier Heights,87.0,Medium
43_14,47.71384946037741,-122.34502545525046,17,2.2941176470588234,5.0,0.0,NoSidewalk,Green Lake,96.1,Low
43_17,47.71177242113196,-122.32978489087975,22,4.409090909090909,5.0,0.0,NoSidewalk,Roosevelt,90.3,Medium
43_18,47.712439643012154,-122.32756240279586,27,3.8518518518518516,4.0,0.037037037037037035,NoSidewalk,Roosevelt,89.6,Medium
43_19,47.71309178374534,-122.32022502810456,84,4.0,4.0,0.011627906976744186,NoSidewalk,Roosevelt,66.4,High
43_20,47.7113766140408,-122.31708229912653,53,3.3207547169811322,4.0,0.018518518518518517,NoSidewalk,Roosevelt,82.4,High
43_21,47.71481513977051,-122.31239318847656,2,2.5,3.0,0.0,CurbRamp,Roosevelt,99.5,Low
43_23,47.71243787791631,-122.3002236771257,73,3.6027397260273974,5.0,0.0273972602739726,NoSidewalk,Ravenna,73.7,High
43_24,47.71269725350773,-122.29645179299747,204,4.25,5.0,0.0,NoSidewalk,Ravenna,13.299999999999997,High
43_25,47.71233568693462,-122.2918516460218,38,4.0,4.0,0.0,NoSidewalk,View Ridge,84.8,Medium
43_26,47.71262311935425,-122.28588406244914,44,4.431818181818182,5.0,0.0,NoSidewalk,View Ridge,80.5,Medium
43_27,47.712520599365234,-122.28123092651367,4,3.25,4.0,0.0,NoSidewalk,View Ridge,98.7,Medium
44_10,47.7178305264177,-122.36465296252021,29,4.0344827586206895,5.0,0.0,NoSidewalk,Whittier Heights,88.3,Medium
44_11,47.71757721114945,-122.360961327186,89,3.202247191011236,5.0,0.0,NoSidewalk,Whittier Heights,71.5,High
44_18,47.71759716669718,-122.32634385426839,24,4.375,5.0,0.08333333333333333,NoSidewalk,Roosevelt,89.5,Medium
44_19,47.71747433409399,-122.32036613931461,97,3.9690721649484537,4.0,0.0,NoSidewalk,Roosevelt,61.5,High
44_20,47.717384847005206,-122.31611399332682,69,3.4057971014492754,4.0,0.013333333333333334,NoSidewalk,Roosevelt,76.5,High
44_21,47.71639530475323,-122.31274942251352,25,2.6,4.0,0.15384615384615385,CurbRamp,Roosevelt,93.5,Medium
44_22,47.71918296813965,-122.30385208129883,2,3.0,3.0,0.0,NoSidewalk,Ravenna,99.4,Medium
44_23,47.719734790278416,-122.30127910539215,50,3.08,5.0,0.0,NoSidewalk,Ravenna,84.6,High
44_24,47.717399864866024,-122.29564506129215,57,2.807017543859649,5.0,0.0,NoSidewalk,Ravenna,84.0,Medium
44_25,47.71660664876302,-122.29035288492838,15,4.6,5.0,0.0,NoSidewalk,View Ridge,93.1,Medium
45_10,47.72297713335823,-122.36365598790786,17,4.823529411764706,5.0,0.058823529411764705,NoSidewalk,Whittier Heights,91.8,Medium
45_11,47.72349116007487,-122.36240590413412,29,4.793103448275862,5.0,0.0,NoSidewalk,Whittier Heights,86.1,Medium
45_12,47.72387386503674,-122.35607619512649,21,1.619047619047619,4.0,0.0,CurbRamp,Whittier Heights,96.6,Medium
45_13,47.722324795193146,-122.34864976671007,9,3.2222222222222223,5.0,0.0,NoSidewalk,Green Lake,97.1,Medium
45_14,47.72270767777054,-122.34652738217954,54,3.6296296296296298,5.0,0.0,NoSidewalk,Green Lake,80.4,High
45_15,47.722764015197754,-122.3413314819336,4,5.0,5.0,0.0,NoSidewalk,Green Lake,98.0,Medium
45_17,47.72199140276228,-122.33043234688895,7,2.7142857142857144,4.0,0.0,NoSidewalk,Green Lake,98.1,Low
45_18,47.72316224234445,-122.32378332955497,42,3.5952380952380953,5.0,0.0,NoSidewalk,Roosevelt,84.9,Medium
45_19,47.72385339175953,-122.32275076473461,17,4.0,4.0,0.0,NoSidewalk,Roosevelt,93.2,Medium
45_20,47.72111117839813,-122.31475567817688,32,4.0,4.0,0.03125,NoSidewalk,Roosevelt,87.2,Medium
45_21,47.72360300134729,-122.31212625385803,81,3.1481481481481484,4.0,0.0,SurfaceProblem,Roosevelt,74.5,High
45_22,47.72314453125,-122.30522769314426,141,2.9078014184397163,5.0,0.0,NoSidewalk,Ravenna,59.0,Medium
45_23,47.72275180476053,-122.30160900524685,218,2.8944954128440368,5.0,0.004464285714285714,NoSidewalk,Ravenna,36.9,Medium
45_24,47.72168831598191,-122.29730551583427,42,2.4285714285714284,5.0,0.0,NoSidewalk,Ravenna,89.8,Medium
45_25,47.72301483154297,-122.29316541883681,9,1.6666666666666667,3.0,0.0,CurbRamp,View Ridge,98.5,Low
45_26,47.72432518005371,-122.28641128540039,4,4.25,5.0,0.0,NoSidewalk,View Ridge,98.3,Medium
45_9,47.722136815389,-122.37084147135417,30,2.566666666666667,4.0,0.0,SurfaceProblem,Whittier Heights,92.3,Medium
46_11,47.729150884291705,-122.35954598819508,16,5.0,5.0,0.0,NoSidewalk,Whittier Heights,92.0,Medium
46_12,47.72641900869516,-122.35819537823016,8,3.75,4.0,0.0,NoSidewalk,Whittier Heights,97.0,Medium
46_13,47.7278024037679,-122.34978739420573,30,4.433333333333334,5.0,0.0,NoSidewalk,Green Lake,86.7,Medium
46_14,47.7271474202474,-122.34779103597005,15,2.066666666666667,5.0,0.0,CurbRamp,Green Lake,96.9,Low
46_15,47.72921371459961,-122.33844757080078,1,5.0,5.0,0.0,NoSidewalk,Green Lake,99.5,Medium
46_16,47.72896772815335,-122.33769152241368,27,4.518518518518518,5.0,0.0,NoSidewalk,Green Lake,87.8,Medium
46_18,47.72753888910467,-122.32355568625711,42,3.9761904761904763,4.0,0.0,NoSidewalk,Roosevelt,83.3,Medium
46_21,47.727814531326295,-122.31266498565674,79,3.2531645569620253,5.0,0.0,Obstacle,Roosevelt,74.3,High
46_22,47.727604680591156,-122.30510526233249,143,2.986013986013986,3.0,0.0,NoSidewalk,Ravenna,57.3,Medium
46_23,47.727486179993214,-122.30123648179315,224,3.9464285714285716,5.0,0.0,NoSidewalk,Ravenna,11.599999999999994,High
46_24,47.730200840876655,-122.29718956580528,12,3.0,3.0,0.0,NoSidewalk,Ravenna,96.4,Medium
46_26,47.726615232579846,-122.28596406824448,17,3.823529411764706,5.0,0.0,NoSidewalk,View Ridge,93.5,Medium
47_11,47.730546133858816,-122.35925783429828,14,5.0,5.0,0.0,NoSidewalk,Whittier Heights,93.0,Medium
47_12,47.73052215576172,-122.3581771850586,1,5.0,5.0,0.0,NoSidewalk,Whittier Heights,99.5,Medium
47_14,47.73400115966797,-122.34513785622336,11,1.4545454545454546,2.0,0.0,CurbRamp,Green Lake,98.4,Low
47_15,47.73150889078776,-122.33937666151259,8,5.0,5.0,0.0,NoSidewalk,Green Lake,96.0,Medium
47_16,47.731753051280975,-122.33501422405243,64,3.328125,5.0,0.015625,NoSidewalk,Green Lake,78.7,High
47_17,47.73129170735677,-122.33279927571614,15,3.0,3.0,0.0,CurbRamp,Green Lake,95.5,Medium
47_18,47.73284563810929,-122.32359347136125,45,3.9555555555555557,5.0,0.0,NoSidewalk,Roosevelt,82.2,Medium
47_19,47.73388084998498,-122.32207958514874,12,2.5,4.0,0.0,Obstacle,Roosevelt,97.0,Low
47_20,47.7339111328125,-122.31531219482422,5,2.6,3.0,0.0,SurfaceProblem,Roosevelt,98.7,Low
47_21,47.73226109946646,-122.312795499476,40,2.875,4.0,0.0,SurfaceProblem,Roosevelt,88.5,Medium
47_22,47.73244611299955,-122.30493739201472,63,3.0,3.0,0.0,NoSidewalk,Ravenna,81.1,High
47_23,47.73204582278468,-122.30084978632566,114,3.1491228070175437,5.0,0.0,NoSidewalk,Ravenna,64.1,High
47_24,47.73146201468803,-122.29688201079497,36,2.9722222222222223,3.0,0.0,NoSidewalk,Ravenna,89.3,Medium
4_10,47.51859792073568,-122.36555692884657,33,4.363636363636363,5.0,0.0,CurbRamp,Industrial District,85.6,Medium
4_11,47.518781014851164,-122.36093664169312,108,4.62037037037037,5.0,0.0,NoCurbRamp,Industrial District,50.1,High
4_12,47.51850688457489,-122.35742425918579,32,3.5625,5.0,0.0,CurbRamp,Industrial District,88.6,Medium
4_14,47.519301891326904,-122.34800910949707,15,4.8,5.0,0.0,Obstacle,Industrial District,92.8,Medium
4_15,47.518495800851404,-122.34055223136113,82,4.134146341463414,5.0,0.011494252873563218,NoSidewalk,Industrial District,66.1,High
4_16,47.52006721496582,-122.33804702758789,2,3.5,4.0,0.0,NoCurbRamp,Industrial District,99.3,Medium
4_27,47.517971370531164,-122.27941562818444,23,3.5652173913043477,4.0,0.0,NoSidewalk,Mount Baker,91.8,Medium
4_29,47.51708062489828,-122.27163162231446,58,3.9310344827586206,4.0,0.0,NoSidewalk,Mount Baker,77.2,High
4_30,47.51823154572518,-122.26531022594821,28,3.0357142857142856,4.0,0.0,NoCurbRamp,Mount Baker,91.5,Medium
4_31,47.51844813028971,-122.26104049682617,29,2.7241379310344827,4.0,0.0,CurbRamp,Mount Baker,92.1,Medium
4_32,47.51742873320708,-122.25668293720967,37,3.135135135135135,4.0,0.0,NoSidewalk,Mount Baker,88.4,Medium
4_5,47.51665573120117,-122.39013977050782,20,3.55,5.0,0.0,SurfaceProblem,Industrial District,92.9,Medium
4_6,47.51638112749372,-122.38695362636021,27,3.5185185185185186,5.0,0.03571428571428571,NoSidewalk,Industrial District,90.5,Medium
4_8,47.51916365189986,-122.37682758678089,11,1.2727272727272727,3.0,0.0,CurbRamp,Industrial District,98.6,Low
4_9,47.52001762390137,-122.37250137329102,1,3.0,3.0,0.0,NoSidewalk,Industrial District,99.7,Medium
5_10,47.52475357055664,-122.36559143066407,10,2.4,5.0,0.0,CurbRamp,Industrial District,97.6,Low
5_11,47.52254006067912,-122.36053816477458,116,3.8017241379310347,5.0,0.0,NoCurbRamp,Industrial District,55.9,High
5_12,47.522649346328365,-122.35723039580554,37,2.891891891891892,5.0,0.0,CurbRamp,Industrial District,89.3,Medium
5_14,47.52183459355281,-122.34795526357797,26,4.576923076923077,5.0,0.0,NoCurbRamp,Industrial District,88.1,Medium
5_15,47.52167892456055,-122.33893437539378,31,4.645161290322581,5.0,0.0,Obstacle,Industrial District,85.6,Medium
5_16,47.522240214877655,-122.33541297912598,34,3.588235294117647,5.0,0.19444444444444445,SurfaceProblem,Industrial District,87.8,Medium
5_17,47.523855171951595,-122.33046153947419,50,3.76,4.0,0.0,NoSidewalk,Industrial District,81.2,High
5_18,47.523375059428965,-122.32664329127262,18,2.7222222222222223,4.0,0.0,CurbRamp,Industrial District,95.1,Low
5_19,47.524031588905736,-122.32275350470292,18,2.888888888888889,4.0,0.0,CurbRamp,Industrial District,94.8,Low
5_20,47.522708644037664,-122.31603838049847,44,3.3863636363636362,4.0,0.0,NoSidewalk,Industrial District,85.1,Medium
5_21,47.52302551269531,-122.31296081542969,5,4.0,4.0,0.0,NoSidewalk,Industrial District,98.0,Medium
5_26,47.52265514026988,-122.28471374511719,4,2.5,4.0,0.0,Obstacle,Mount Baker,99.0,Low
5_28,47.52234022957938,-122.2769753592355,13,2.4615384615384617,4.0,0.0,CurbRamp,Mount Baker,96.8,Low
5_30,47.52149963378906,-122.26427459716797,2,1.5,2.0,0.0,CurbRamp,Mount Baker,99.7,Low
5_5,47.52367796380836,-122.3897292355457,81,3.308641975308642,5.0,0.0,Obstacle,Industrial District,73.2,High
5_6,47.52269917726517,-122.38640177249908,63,2.7936507936507935,5.0,0.0,Obstacle,Industrial District,82.4,Medium
5_7,47.5215576171875,-122.38318099975587,10,1.6,3.0,0.0,CurbRamp,Industrial District,98.4,Low
5_8,47.52201180709036,-122.37677845201995,19,1.4210526315789473,2.0,0.0,CurbRamp,Industrial District,97.3,Low
5_9,47.52311652047293,-122.37062508719308,12,3.4166666666666665,4.0,0.21428571428571427,CurbRamp,Industrial District,95.9,Medium
6_11,47.52767975028904,-122.3620341509238,85,4.011764705882353,5.0,0.011494252873563218,NoCurbRamp,Industrial District,65.9,High
6_12,47.5279897201893,-122.35604876141215,78,3.8333333333333335,5.0,0.0,NoCurbRamp,Industrial District,70.1,High
6_13,47.528849093119305,-122.35082550048828,57,4.245614035087719,5.0,0.0,NoCurbRamp,Industrial District,75.8,High
6_14,47.528256877776116,-122.34680631083828,51,3.803921568627451,5.0,0.0,NoCurbRamp,Industrial District,80.6,High
6_15,47.52643330891927,-122.34110296340216,20,4.45,5.0,0.0,Obstacle,Industrial District,91.1,Medium
6_16,47.52582931518555,-122.33492279052734,1,4.0,4.0,0.0,NoSidewalk,Industrial District,99.6,Medium
6_17,47.53014246622721,-122.32878748575847,5,4.0,4.0,0.0,NoSidewalk,Industrial District,98.0,Medium
6_18,47.529578040627875,-122.32572555541992,32,3.9375,4.0,0.0,NoSidewalk,Industrial District,87.4,Medium
6_19,47.52770686793972,-122.32138236793313,72,2.625,4.0,0.0,CurbRamp,Industrial District,81.1,Medium
6_21,47.525657653808594,-122.31184768676758,2,2.0,2.0,0.0,CurbRamp,Industrial District,99.6,Low
6_26,47.52767828739051,-122.28747535474372,30,2.2666666666666666,5.0,0.030303030303030304,CurbRamp,North Beacon Hill,93.2,Medium
6_27,47.52654266357422,-122.27960205078125,1,2.0,2.0,0.0,NoSidewalk,Mount Baker,99.8,Low
6_30,47.528235508845405,-122.26636915940504,25,3.04,5.0,0.0,CurbRamp,Mount Baker,92.4,Medium
6_5,47.52870706032063,-122.39066850728003,210,3.9904761904761905,5.0,0.004310344827586207,NoSidewalk,Industrial District,16.200000000000003,High
6_6,47.52809340378334,-122.38570121238972,103,2.7475728155339807,5.0,0.008620689655172414,Obstacle,Industrial District,71.7,Medium
6_7,47.529079206062086,-122.38085868141867,33,1.7272727272727273,3.0,0.0,CurbRamp,Industrial District,94.3,Medium
6_8,47.52981638908386,-122.37602138519287,16,3.8125,5.0,0.125,NoCurbRamp,Industrial District,93.9,Medium
6_9,47.529405975341795,-122.37276306152344,5,3.2,5.0,0.0,NoCurbRamp,Industrial District,98.4,Medium
7_11,47.53386655904479,-122.3599130662821,58,3.8620689655172415,5.0,0.0,NoCurbRamp,Industrial District,77.6,High
7_12,47.53260955810547,-122.35674392700196,40,3.825,5.0,0.0,NoCurbRamp,Industrial District,84.7,Medium
7_13,47.53374252319336,-122.35089874267578,27,2.4814814814814814,4.0,0.0,SurfaceProblem,Industrial District,93.3,Medium
7_14,47.53318532307943,-122.34645129007006,62,4.612903225806452,5.0,0.0,NoSidewalk,Industrial District,71.4,High
7_15,47.53193791707357,-122.34177207946777,12,4.666666666666667,5.0,0.0,NoCurbRamp,Industrial District,94.4,Medium
7_17,47.533920072159674,-122.32988105629975,51,3.980392156862745,4.0,0.0,NoSidewalk,Industrial District,79.7,High
7_18,47.5325396584823,-122.32621118519873,216,3.9074074074074074,4.0,0.0,NoSidewalk,Industrial District,15.599999999999994,High
7_19,47.531699309477936,-122.32293659931905,37,3.2432432432432434,4.0,0.0,NoCurbRamp,Industrial District,88.0,Medium
7_20,47.53518931070963,-122.31484985351562,3,1.3333333333333333,2.0,0.0,CurbRamp,Industrial District,99.6,Low
7_24,47.53289922078451,-122.29359436035156,6,1.5,2.0,0.0,NoSidewalk,North Beacon Hill,99.1,Low
7_25,47.53465270996094,-122.29081471761067,7,3.2857142857142856,4.0,0.1111111111111111,CurbRamp,North Beacon Hill,97.7,Medium
7_26,47.531492673433746,-122.28537280742938,11,3.1818181818181817,5.0,0.07692307692307693,NoSidewalk,Mount Baker,96.5,Medium
7_27,47.533487955729164,-122.28221249050564,44,1.2727272727272727,3.0,0.0,CurbRamp,Mount Baker,94.4,Medium
7_28,47.535218980577255,-122.27588738335504,9,3.6666666666666665,5.0,0.0,NoSidewalk,Mount Baker,96.7,Medium
7_5,47.53107308178413,-122.39104312803687,79,4.3544303797468356,5.0,0.0,NoSidewalk,Industrial District,65.6,High
7_6,47.533181533813476,-122.38570343017578,49,2.0408163265306123,4.0,0.0,CurbRamp,Industrial District,90.0,Medium
7_7,47.53298918023167,-122.38081617240447,81,2.3209876543209877,4.0,0.0,NoCurbRamp,Industrial District,81.2,Medium
7_8,47.53217072182513,-122.37695458594789,47,2.6595744680851063,5.0,0.06382978723404255,CurbRamp,Industrial District,87.5,Medium
8_11,47.53709442138672,-122.3603353881836,23,2.652173913043478,5.0,0.0,CurbRamp,Industrial District,93.9,Medium
8_12,47.538781550023465,-122.35628212272347,70,2.757142857142857,4.0,0.0,CurbRamp,Industrial District,80.7,Medium
8_13,47.5382124917549,-122.35124849018298,56,3.4285714285714284,4.0,0.0,NoSidewalk,Industrial District,80.8,High
8_14,47.53639184274981,-122.34513805758569,31,5.0,5.0,0.0,NoSidewalk,Industrial District,84.5,Medium
8_15,47.53955841064453,-122.34093284606934,4,3.25,4.0,0.0,NoSidewalk,Industrial District,98.7,Medium
8_16,47.53896917615618,-122.33580425807408,28,3.75,5.0,0.0,NoSidewalk,Industrial District,89.5,Medium
8_17,47.53714734454488,-122.33083875789198,42,3.9285714285714284,4.0,0.0,NoSidewalk,Industrial District,83.5,Medium
8_18,47.535545349121094,-122.3275540669759,11,4.0,4.0,0.0,NoSidewalk,Industrial District,95.6,Medium
8_19,47.53942532009549,-122.32049560546875,8,3.125,4.0,0.0,CurbRamp,Industrial District,97.5,Medium
8_22,47.53931862967355,-122.30454417637416,14,1.4285714285714286,3.0,0.0,NoSidewalk,Industrial District,98.0,Low
8_23,47.53929319835844,-122.29947989327567,21,3.3333333333333335,5.0,0.23809523809523808,Obstacle,North Beacon Hill,93.0,Medium
8_24,47.53889592488607,-122.29683532714844,15,2.7333333333333334,5.0,0.06666666666666667,CurbRamp,North Beacon Hill,95.9,Low
8_25,47.53656482696533,-122.29203987121582,4,2.5,3.0,0.0,SurfaceProblem,North Beacon Hill,99.0,Low
8_26,47.53793182373047,-122.28460845947265,13,1.0,1.0,0.0,CurbRamp,Mount Baker,98.7,Low
8_27,47.536845684051514,-122.28249073028564,14,1.5,3.0,0.0,CurbRamp,Mount Baker,97.9,Low
8_28,47.53759166172573,-122.27689906529018,7,2.7142857142857144,4.0,0.0,CurbRamp,Mount Baker,98.1,Low
8_29,47.536410823012844,-122.27165915749289,30,2.7333333333333334,5.0,0.0,CurbRamp,Mount Baker,91.8,Medium
8_30,47.53841798955744,-122.2647750160911,21,2.4761904761904763,4.0,0.18181818181818182,NoCurbRamp,Mount Baker,94.8,Medium
8_31,47.53999710083008,-122.26342010498047,1,3.0,3.0,1.0,Obstacle,Mount Baker,99.7,Medium
8_4,47.53839808496936,-122.39558976272056,56,2.892857142857143,3.0,0.0,NoSidewalk,Industrial District,83.8,Medium
8_5,47.53843114833639,-122.39103290288135,99,2.6161616161616164,5.0,0.0,CurbRamp,Industrial District,74.1,Medium
8_6,47.53864946365356,-122.38553104400634,77,3.311688311688312,5.0,0.0,NoSidewalk,Industrial District,74.5,High
8_7,47.538280444675024,-122.38100967407226,89,2.707865168539326,5.0,0.0,NoSidewalk,Industrial District,75.9,Medium
8_8,47.53837090951425,-122.37605850784867,27,2.3703703703703702,5.0,0.0,NoCurbRamp,Industrial District,93.6,Medium
8_9,47.53900400797526,-122.37267049153645,5,3.2,4.0,0.0,NoCurbRamp,Industrial District,98.4,Medium
9_12,47.54246052106222,-122.35632928212483,93,3.225806451612903,5.0,0.0,NoSidewalk,Industrial District,70.0,High
9_13,47.54190001949187,-122.35174056022397,61,3.5245901639344264,4.0,0.0,NoSidewalk,Industrial District,78.5,High
9_15,47.54068819681803,-122.34041659037273,9,3.2222222222222223,5.0,0.08333333333333333,CurbRamp,Industrial District,97.1,Medium
9_16,47.54066467285156,-122.33754030863444,12,3.0833333333333335,5.0,0.0,NoCurbRamp,Industrial District,96.3,Medium
9_18,47.54098129272461,-122.32358360290527,4,1.0,1.0,0.0,CurbRamp,Industrial District,99.6,Low
9_19,47.54164361953735,-122.32108926773071,16,3.0,5.0,0.0,NoCurbRamp,Industrial District,95.2,Medium
9_20,47.54533767700195,-122.31829833984375,2,5.0,5.0,0.0,NoCurbRamp,Industrial District,99.0,Medium
9_21,47.544150865994965,-122.31030185406024,26,1.0384615384615385,2.0,0.0,SurfaceProblem,Industrial District,97.3,Medium
9_22,47.54228950949276,-122.3068780338063,17,1.5294117647058822,4.0,0.0,NoSidewalk,Industrial District,97.4,Low
9_23,47.544478849931195,-122.30141136863016,17,2.823529411764706,5.0,0.0,NoSidewalk,North Beacon Hill,95.2,Low
9_25,47.543150965372725,-122.29155095418294,26,3.769230769230769,5.0,0.0,NoSidewalk,North Beacon Hill,90.2,Medium
9_26,47.54327265421549,-122.2846450805664,39,2.6923076923076925,5.0,0.02564102564102564,CurbRamp,Mount Baker,89.5,Medium
9_29,47.54330539703369,-122.27004750569661,11,3.1818181818181817,5.0,0.0,CurbRamp,Mount Baker,96.5,Medium
9_30,47.543042046683176,-122.26477977207729,55,2.3636363636363638,4.0,0.08928571428571429,CurbRamp,Mount Baker,87.0,Medium
9_31,47.54327949317726,-122.26204722636454,37,3.0,4.0,0.02702702702702703,NoSidewalk,Mount Baker,88.9,Medium
9_4,47.54314386028133,-122.39632792015598,72,2.75,3.0,0.0,NoSidewalk,Industrial District,80.2,Medium
9_5,47.54254444122314,-122.39121810913086,99,2.727272727272727,4.0,0.0,NoSidewalk,Industrial District,73.0,Medium
9_6,47.543805089490164,-122.38598238188645,107,2.6542056074766354,5.0,0.0,CurbRamp,Industrial District,71.6,Medium
9_7,47.54280154579564,-122.38123594585218,95,3.168421052631579,5.0,0.0,NoCurbRamp,Industrial District,69.9,High
9_8,47.54284325961409,-122.37762003931506,29,2.0344827586206895,3.0,0.0,CurbRamp,Industrial District,94.1,Medium
