time_bin,properties/neighborhood,barrier_count,severity_mean,severity_max,severity_std,temp_ratio,prop_CurbRamp,prop_NoSidewalk,prop_NoCurbRamp,prop_SurfaceProblem,prop_Obstacle,prop_Occlusion,prop_Other,weighted_impact,accessibility_score,barrier_count_lag1,barrier_count_lag2,barrier_count_lag3,barrier_count_roll3,barrier_count_roll5,severity_mean_lag1,severity_mean_lag2,severity_mean_lag3,severity_mean_roll3,severity_mean_roll5,accessibility_score_lag1,accessibility_score_lag2,accessibility_score_lag3,accessibility_score_roll3,accessibility_score_roll5,temp_ratio_lag1,temp_ratio_lag2,temp_ratio_lag3,temp_ratio_roll3,temp_ratio_roll5,time_position,time_sin,time_cos,barriers_per_km2,area_km2,population,median_income,pct_minority,pct_elderly,equity_concern_score,barriers_per_km2_norm,area_km2_norm,population_norm,median_income_norm,pct_minority_norm,pct_elderly_norm,equity_concern_score_norm
136,Adams,8.0,2.0,3.0,0.5345224838248488,0.0,1.0,0.0,0.0,0.0,0.0,0.0,0.0,-16.0,-20.0,351.62311557788945,345.92763157894734,346.39285714285717,8.0,8.0,2.605501029054099,2.5432030294325,2.5560460313609203,2.0,2.0,44.08319514118346,39.08401388259955,38.59504213350835,-20.0,-20.0,0.00680095331825695,0.004516931374460902,0.002911111733831185,0.0,0.0,0.6834170854271356,-0.9137593681374364,-0.4062558518237897,581.3012601564984,1.7839286976959554,,,,,1114.4117422689346,0.060140952913111716,-0.31855252393581973,0.0,0.0,0.0,0.0,-0.2465487256283477
137,Adams,410.0,1.7902439024390244,4.0,0.8390834672787496,0.0,1.0,0.0,0.0,0.0,0.0,0.0,0.0,-734.0,-17.902439024390244,8.0,345.92763157894734,346.39285714285717,209.0,209.0,2.0,2.5432030294325,2.5560460313609203,1.895121951219512,1.895121951219512,-20.0,39.08401388259955,38.59504213350835,-18.951219512195124,-18.951219512195124,0.0,0.004516931374460902,0.002911111733831185,0.0,0.0,0.6884422110552764,-0.9261288486078411,-0.37720731140357633,581.3012601564984,1.7839286976959554,,,,,1114.4117422689346,0.060140952913111716,-0.31855252393581973,0.0,0.0,0.0,0.0,-0.2465487256283477
138,Adams,410.0,3.0951219512195123,5.0,1.0197202788972217,0.01951219512195122,0.16585365853658537,0.11951219512195121,0.1,0.4951219512195122,0.11951219512195121,0.0,0.0,2532.0,61.75609756097561,410.0,8.0,346.39285714285717,276.0,276.0,1.7902439024390244,2.0,2.5560460313609203,2.2951219512195125,2.2951219512195125,-17.902439024390244,-20.0,38.59504213350835,7.951219512195124,7.951219512195124,0.0,0.0,0.002911111733831185,0.0065040650406504065,0.0065040650406504065,0.6934673366834171,-0.9375751437008251,-0.3477827625319824,581.3012601564984,1.7839286976959554,,,,,1114.4117422689346,0.060140952913111716,-0.31855252393581973,0.0,0.0,0.0,0.0,-0.2465487256283477
139,Adams,209.0,3.1435406698564594,5.0,0.4887866644928926,0.0,0.0,0.0,1.0,0.0,0.0,0.0,0.0,1971.0,94.30622009569377,410.0,410.0,8.0,343.0,259.25,3.0951219512195123,1.7902439024390244,2.0,2.6763021745049986,2.507226630878749,61.75609756097561,-17.902439024390244,-20.0,46.05329287742638,29.539969658069786,0.01951219512195122,0.0,0.0,0.0065040650406504065,0.004878048780487805,0.6984924623115578,-0.9480868435005096,-0.3180115362392379,581.3012601564984,1.7839286976959554,,,,,1114.4117422689346,0.060140952913111716,-0.31855252393581973,0.0,0.0,0.0,0.0,-0.2465487256283477
79,Atlantic,166.0,1.7409638554216869,3.0,0.6221246381170885,0.0,1.0,0.0,0.0,0.0,0.0,0.0,0.0,-289.0,-17.40963855421687,351.62311557788945,345.92763157894734,346.39285714285717,166.0,166.0,2.605501029054099,2.5432030294325,2.5560460313609203,1.7409638554216869,1.7409638554216869,44.08319514118346,39.08401388259955,38.59504213350835,-17.40963855421687,-17.40963855421687,0.00680095331825695,0.004516931374460902,0.002911111733831185,0.0,0.0,0.3969849246231156,0.6030051071796145,-0.7977373256375193,383.1455872491527,3.0406196463445667,8500.0,65000.0,45.2,12.1,1774.9839435713595,-0.6331601924064879,-0.19291331184294228,-0.2656943180501031,-1.0224632408982368,1.5505883628502481,0.22106366017394874,0.46909338246817717
80,Atlantic,410.0,1.7560975609756098,4.0,0.6808770341925612,0.0,1.0,0.0,0.0,0.0,0.0,0.0,0.0,-720.0,-17.5609756097561,166.0,345.92763157894734,346.39285714285717,288.0,288.0,1.7409638554216869,2.5432030294325,2.5560460313609203,1.7485307081986483,1.7485307081986483,-17.40963855421687,39.08401388259955,38.59504213350835,-17.485307081986484,-17.485307081986484,0.0,0.004516931374460902,0.002911111733831185,0.0,0.0,0.4020100502512563,0.5775211524135886,-0.8163757214143991,383.1455872491527,3.0406196463445667,8500.0,65000.0,45.2,12.1,1774.9839435713595,-0.6331601924064879,-0.19291331184294228,-0.2656943180501031,-1.0224632408982368,1.5505883628502481,0.22106366017394874,0.46909338246817717
81,Atlantic,410.0,3.0609756097560976,5.0,1.133481998951218,0.007317073170731708,0.21707317073170732,0.1926829268292683,0.07317073170731707,0.4170731707317073,0.08292682926829269,0.01707317073170732,0.0,2534.5,61.8170731707317,410.0,166.0,346.39285714285717,328.6666666666667,328.6666666666667,1.7560975609756098,1.7409638554216869,2.5560460313609203,2.1860123420511317,2.1860123420511317,-17.5609756097561,-17.40963855421687,38.59504213350835,8.948819668919578,8.948819668919578,0.0,0.0,0.002911111733831185,0.0024390243902439024,0.0024390243902439024,0.40703517587939697,0.5514615120031076,-0.8342003361179174,383.1455872491527,3.0406196463445667,8500.0,65000.0,45.2,12.1,1774.9839435713595,-0.6331601924064879,-0.19291331184294228,-0.2656943180501031,-1.0224632408982368,1.5505883628502481,0.22106366017394874,0.46909338246817717
82,Atlantic,179.0,2.804469273743017,5.0,0.7575701272133814,0.0,0.0,0.0,1.0,0.0,0.0,0.0,0.0,1506.0,84.1340782122905,410.0,410.0,166.0,333.0,291.25,3.0609756097560976,1.7560975609756098,1.7409638554216869,2.540514148158241,2.340626574974103,61.8170731707317,-17.5609756097561,-17.40963855421687,42.79672525775536,27.74513430476231,0.007317073170731708,0.0,0.0,0.0024390243902439024,0.001829268292682927,0.4120603015075377,0.5248521627644684,-0.8511934017844945,383.1455872491527,3.0406196463445667,8500.0,65000.0,45.2,12.1,1774.9839435713595,-0.6331601924064879,-0.19291331184294228,-0.2656943180501031,-1.0224632408982368,1.5505883628502481,0.22106366017394874,0.46909338246817717
134,Belltown,256.0,1.21875,5.0,0.5730893233598229,0.01171875,1.0,0.0,0.0,0.0,0.0,0.0,0.0,-312.0,-12.1875,351.62311557788945,345.92763157894734,346.39285714285717,256.0,256.0,2.605501029054099,2.5432030294325,2.5560460313609203,1.21875,1.21875,44.08319514118346,39.08401388259955,38.59504213350835,-12.1875,-12.1875,0.00680095331825695,0.004516931374460902,0.002911111733831185,0.01171875,0.01171875,0.6733668341708543,-0.8863010796932088,-0.4631094861203475,793.4165292435955,1.3448169538605723,12000.0,82000.0,22.3,5.4,2307.417530396417,0.802283516081728,-0.3624532567098832,0.2764174071193898,-0.5396333771407361,-0.24346587586144583,-1.5784358539523053,1.0459143473008061
135,Belltown,409.0,1.3398533007334963,5.0,0.671113340413883,0.0024449877750611247,1.0,0.0,0.0,0.0,0.0,0.0,0.0,-548.0,-13.398533007334963,256.0,345.92763157894734,346.39285714285717,332.5,332.5,1.21875,2.5432030294325,2.5560460313609203,1.2793016503667483,1.2793016503667483,-12.1875,39.08401388259955,38.59504213350835,-12.79301650366748,-12.79301650366748,0.01171875,0.004516931374460902,0.002911111733831185,0.007081868887530563,0.007081868887530563,0.678391959798995,-0.9004790324567515,-0.4348994275757932,793.4165292435955,1.3448169538605723,12000.0,82000.0,22.3,5.4,2307.417530396417,0.802283516081728,-0.3624532567098832,0.2764174071193898,-0.5396333771407361,-0.24346587586144583,-1.5784358539523053,1.0459143473008061
136,Belltown,402.0,2.5970149253731343,5.0,1.2096004347497369,0.07711442786069651,0.36069651741293535,0.06467661691542288,0.18159203980099503,0.11194029850746269,0.21144278606965175,0.06716417910447761,0.0024875621890547263,1833.5,45.60945273631841,409.0,256.0,346.39285714285717,355.6666666666667,355.6666666666667,1.3398533007334963,1.21875,2.5560460313609203,1.7185394087022103,1.7185394087022103,-13.398533007334963,-12.1875,38.59504213350835,6.674473242994483,6.674473242994483,0.0024449877750611247,0.01171875,0.002911111733831185,0.030426055211919212,0.030426055211919212,0.6834170854271356,-0.9137593681374364,-0.4062558518237897,793.4165292435955,1.3448169538605723,12000.0,82000.0,22.3,5.4,2307.417530396417,0.802283516081728,-0.3624532567098832,0.2764174071193898,-0.5396333771407361,-0.24346587586144583,-1.5784358539523053,1.0459143473008061
29,Briarcliff,106.0,1.4339622641509433,3.0,0.5523778541908964,0.0,1.0,0.0,0.0,0.0,0.0,0.0,0.0,-152.0,-14.339622641509433,351.62311557788945,345.92763157894734,346.39285714285717,106.0,106.0,2.605501029054099,2.5432030294325,2.5560460313609203,1.4339622641509433,1.4339622641509433,44.08319514118346,39.08401388259955,38.59504213350835,-14.339622641509433,-14.339622641509433,0.00680095331825695,0.004516931374460902,0.002911111733831185,0.0,0.0,0.1457286432160804,0.7929527330827785,0.6092831551065168,518.7063058901089,3.304374711733544,4200.0,88000.0,15.2,11.5,1400.6767843306757,-0.1588644020554923,-0.16654407711851657,-0.9317172946869086,-0.3692228369910299,-0.7997010328419274,0.05991444995368726,0.06358136729939519
30,Briarcliff,410.0,1.829268292682927,5.0,1.0110015616565062,0.0,0.44146341463414634,0.5585365853658537,0.0,0.0,0.0,0.0,0.0,1274.0,31.073170731707318,106.0,345.92763157894734,346.39285714285717,258.0,258.0,1.4339622641509433,2.5432030294325,2.5560460313609203,1.631615278416935,1.631615278416935,-14.339622641509433,39.08401388259955,38.59504213350835,8.366774045098943,8.366774045098943,0.0,0.004516931374460902,0.002911111733831185,0.0,0.0,0.1507537688442211,0.8117917024210207,0.5839471139413063,518.7063058901089,3.304374711733544,4200.0,88000.0,15.2,11.5,1400.6767843306757,-0.1588644020554923,-0.16654407711851657,-0.9317172946869086,-0.3692228369910299,-0.7997010328419274,0.05991444995368726,0.06358136729939519
31,Briarcliff,410.0,2.624390243902439,5.0,1.503180082619771,0.0,0.0,1.0,0.0,0.0,0.0,0.0,0.0,3228.0,78.73170731707317,410.0,106.0,346.39285714285717,308.6666666666667,308.6666666666667,1.829268292682927,1.4339622641509433,2.5560460313609203,1.962540266912103,1.962540266912103,31.073170731707318,-14.339622641509433,38.59504213350835,31.821751802423687,31.821751802423687,0.0,0.0,0.002911111733831185,0.0,0.0,0.15577889447236182,0.8298214601357259,0.5580289815934402,518.7063058901089,3.304374711733544,4200.0,88000.0,15.2,11.5,1400.6767843306757,-0.1588644020554923,-0.16654407711851657,-0.9317172946869086,-0.3692228369910299,-0.7997010328419274,0.05991444995368726,0.06358136729939519
32,Briarcliff,410.0,1.9902439024390244,5.0,1.2798618656456162,0.0,0.0,0.6,0.0,0.36341463414634145,0.036585365853658534,0.0,0.0,1952.5,47.62195121951219,410.0,410.0,106.0,410.0,334.0,2.624390243902439,1.829268292682927,1.4339622641509433,2.1479674796747967,1.9694661757938334,78.73170731707317,31.073170731707318,-14.339622641509433,52.47560975609756,35.771801656695814,0.0,0.0,0.0,0.0,0.0,0.16080402010050251,0.8470240337722988,0.5315545938209014,518.7063058901089,3.304374711733544,4200.0,88000.0,15.2,11.5,1400.6767843306757,-0.1588644020554923,-0.16654407711851657,-0.9317172946869086,-0.3692228369910299,-0.7997010328419274,0.05991444995368726,0.06358136729939519
33,Briarcliff,378.0,2.814814814814815,5.0,0.8224906166162924,0.0,0.0,0.0,0.8492063492063492,0.0,0.15079365079365079,0.0,0.0,3110.0,82.27513227513228,410.0,410.0,410.0,399.3333333333333,342.8,1.9902439024390244,2.624390243902439,1.829268292682927,2.476482987052093,2.13853590359803,47.62195121951219,78.73170731707317,31.073170731707318,69.54293027057254,45.07246778038311,0.0,0.0,0.0,0.0,0.0,0.1658291457286432,0.8633822754312233,0.5045503408691775,518.7063058901089,3.304374711733544,4200.0,88000.0,15.2,11.5,1400.6767843306757,-0.1588644020554923,-0.16654407711851657,-0.9317172946869086,-0.3692228369910299,-0.7997010328419274,0.05991444995368726,0.06358136729939519
55,Broadway,374.0,1.5668449197860963,4.0,0.7428459097220258,0.0,1.0,0.0,0.0,0.0,0.0,0.0,0.0,-586.0,-15.668449197860962,351.62311557788945,345.92763157894734,346.39285714285717,374.0,374.0,2.605501029054099,2.5432030294325,2.5560460313609203,1.5668449197860963,1.5668449197860963,44.08319514118346,39.08401388259955,38.59504213350835,-15.668449197860962,-15.668449197860962,0.00680095331825695,0.004516931374460902,0.002911111733831185,0.0,0.0,0.27638190954773867,0.9862928383380027,-0.1650043546187991,679.4265091668893,2.684617063641781,,,,,1302.5275046204613,0.4034586411000393,-0.22850510475106006,0.0,0.0,0.0,0.0,-0.0427503210481984
56,Broadway,410.0,1.5731707317073171,3.0,0.5856993355047538,0.0,1.0,0.0,0.0,0.0,0.0,0.0,0.0,-645.0,-15.731707317073171,374.0,345.92763157894734,346.39285714285717,392.0,392.0,1.5668449197860963,2.5432030294325,2.5560460313609203,1.5700078257467067,1.5700078257467067,-15.668449197860962,39.08401388259955,38.59504213350835,-15.700078257467066,-15.700078257467066,0.0,0.004516931374460902,0.002911111733831185,0.0,0.0,0.2814070351758794,0.9805923110824041,-0.196057949203978,679.4265091668893,2.684617063641781,,,,,1302.5275046204613,0.4034586411000393,-0.22850510475106006,0.0,0.0,0.0,0.0,-0.0427503210481984
57,Broadway,409.0,2.7237163814180927,5.0,1.0239532568943372,0.0024449877750611247,0.22493887530562348,0.13691931540342298,0.0,0.6356968215158925,0.0,0.0024449877750611247,0.0,1925.5,47.07823960880195,410.0,374.0,346.39285714285717,397.6666666666667,397.6666666666667,1.5731707317073171,1.5668449197860963,2.5560460313609203,1.9545773443038355,1.9545773443038355,-15.731707317073171,-15.668449197860962,38.59504213350835,5.2260276979559395,5.2260276979559395,0.0,0.0,0.002911111733831185,0.0008149959250203749,0.0008149959250203749,0.2864321608040201,0.9739143080855377,-0.22691610896159026,679.4265091668893,2.684617063641781,,,,,1302.5275046204613,0.4034586411000393,-0.22850510475106006,0.0,0.0,0.0,0.0,-0.0427503210481984
58,Broadway,410.0,3.324390243902439,5.0,0.9509435509368577,0.014634146341463415,0.0,0.0,0.36585365853658536,0.25365853658536586,0.3804878048780488,0.0,0.0,3503.5,85.45121951219512,409.0,410.0,374.0,409.6666666666667,400.75,2.7237163814180927,1.5731707317073171,1.5668449197860963,2.5404257856759496,2.2970305692034865,47.07823960880195,-15.731707317073171,-15.668449197860962,38.9325839346413,25.282325651515734,0.0024449877750611247,0.0,0.0,0.00569304470550818,0.004269783529131135,0.2914572864321608,0.9662654861260219,-0.2575480738068965,679.4265091668893,2.684617063641781,,,,,1302.5275046204613,0.4034586411000393,-0.22850510475106006,0.0,0.0,0.0,0.0,-0.0427503210481984
59,Broadway,221.0,3.6425339366515836,5.0,0.7768238977794455,0.0,0.0,0.0,1.0,0.0,0.0,0.0,0.0,2415.0,109.27601809954751,410.0,409.0,410.0,346.6666666666667,364.8,3.324390243902439,2.7237163814180927,1.5731707317073171,3.230213520657372,2.566131242693106,85.45121951219512,47.07823960880195,-15.731707317073171,80.60182574018152,42.08106414112209,0.014634146341463415,0.0024449877750611247,0.0,0.005693044705508181,0.0034158268233049085,0.2964824120603015,0.9576534697159296,-0.28792330913116637,679.4265091668893,2.684617063641781,,,,,1302.5275046204613,0.4034586411000393,-0.22850510475106006,0.0,0.0,0.0,0.0,-0.0427503210481984
76,Bryant,62.0,1.564516129032258,3.0,0.6682732272753165,0.0,1.0,0.0,0.0,0.0,0.0,0.0,0.0,-97.0,-15.64516129032258,351.62311557788945,345.92763157894734,346.39285714285717,62.0,62.0,2.605501029054099,2.5432030294325,2.5560460313609203,1.564516129032258,1.564516129032258,44.08319514118346,39.08401388259955,38.59504213350835,-15.64516129032258,-15.64516129032258,0.00680095331825695,0.004516931374460902,0.002911111733831185,0.0,0.0,0.38190954773869346,0.6757518486236088,-0.7371291875117789,464.1662678062041,2.4237004668975715,,,,,889.8524305093031,-0.34968745705339965,-0.25459056010676956,0.0,0.0,0.0,0.0,-0.4898288681222543
77,Bryant,410.0,2.0878048780487806,5.0,1.241931440404676,0.0,0.8170731707317073,0.18292682926829268,0.0,0.0,0.0,0.0,0.0,388.0,9.463414634146341,62.0,345.92763157894734,346.39285714285717,236.0,236.0,1.564516129032258,2.5432030294325,2.5560460313609203,1.8261605035405193,1.8261605035405193,-15.64516129032258,39.08401388259955,38.59504213350835,-3.0908733280881195,-3.0908733280881195,0.0,0.004516931374460902,0.002911111733831185,0.0,0.0,0.3869346733668342,0.6521449471151868,-0.7580943001712453,464.1662678062041,2.4237004668975715,,,,,889.8524305093031,-0.34968745705339965,-0.25459056010676956,0.0,0.0,0.0,0.0,-0.4898288681222543
78,Bryant,409.0,2.9486552567237165,5.0,1.5113311886357446,0.029339853300733496,0.0,0.2469437652811736,0.18337408312958436,0.38875305623471884,0.16136919315403422,0.019559902200488997,0.0,3215.0,78.60635696821517,410.0,62.0,346.39285714285717,293.6666666666667,293.6666666666667,2.0878048780487806,1.564516129032258,2.5560460313609203,2.2003254212682517,2.2003254212682517,9.463414634146341,-15.64516129032258,38.59504213350835,24.14153677067964,24.14153677067964,0.0,0.0,0.002911111733831185,0.009779951100244499,0.009779951100244499,0.39195979899497485,0.6278879733408587,-0.7783037279455297,464.1662678062041,2.4237004668975715,,,,,889.8524305093031,-0.34968745705339965,-0.25459056010676956,0.0,0.0,0.0,0.0,-0.4898288681222543
79,Bryant,244.0,4.065573770491803,5.0,0.8581509926713142,0.0,0.0,0.0,1.0,0.0,0.0,0.0,0.0,2976.0,121.96721311475409,409.0,410.0,62.0,354.3333333333333,281.25,2.9486552567237165,2.0878048780487806,1.564516129032258,3.0340113017547665,2.66663750857414,78.60635696821517,9.463414634146341,-15.64516129032258,70.01232823903852,48.59795585669825,0.029339853300733496,0.0,0.0,0.009779951100244499,0.007334963325183374,0.3969849246231156,0.6030051071796145,-0.7977373256375193,464.1662678062041,2.4237004668975715,,,,,889.8524305093031,-0.34968745705339965,-0.25459056010676956,0.0,0.0,0.0,0.0,-0.4898288681222543
144,Central Business District,29.0,1.1724137931034482,2.0,0.3844258722192448,0.0,1.0,0.0,0.0,0.0,0.0,0.0,0.0,-34.0,-11.724137931034482,351.62311557788945,345.92763157894734,346.39285714285717,29.0,29.0,2.605501029054099,2.5432030294325,2.5560460313609203,1.1724137931034482,1.1724137931034482,44.08319514118346,39.08401388259955,38.59504213350835,-11.724137931034482,-11.724137931034482,0.00680095331825695,0.004516931374460902,0.002911111733831185,0.0,0.0,0.7236180904522613,-0.9862928383380027,-0.1650043546187989,817.5507263727284,1.029905512696132,3500.0,95000.0,35.2,4.2,2242.8862185570674,0.8867235236046039,-0.3939369125677371,-1.0401396397208071,-0.17041054014970614,0.7671585642861897,-1.9007342743928286,0.9760032551417772
145,Central Business District,410.0,1.2414634146341463,4.0,0.5258480679718989,0.004878048780487805,1.0,0.0,0.0,0.0,0.0,0.0,0.0,-509.0,-12.414634146341463,29.0,345.92763157894734,346.39285714285717,219.5,219.5,1.1724137931034482,2.5432030294325,2.5560460313609203,1.2069386038687973,1.2069386038687973,-11.724137931034482,39.08401388259955,38.59504213350835,-12.069386038687973,-12.069386038687973,0.0,0.004516931374460902,0.002911111733831185,0.0024390243902439024,0.0024390243902439024,0.7286432160804021,-0.9910102074427921,-0.13378628010447927,817.5507263727284,1.029905512696132,3500.0,95000.0,35.2,4.2,2242.8862185570674,0.8867235236046039,-0.3939369125677371,-1.0401396397208071,-0.17041054014970614,0.7671585642861897,-1.9007342743928286,0.9760032551417772
146,Central Business District,403.0,2.0521091811414394,5.0,1.112911232280184,0.04714640198511166,0.41935483870967744,0.05459057071960298,0.10421836228287841,0.07444168734491315,0.34491315136476425,0.0,0.0024813895781637717,1395.5,34.62779156327544,410.0,29.0,346.39285714285717,280.6666666666667,280.6666666666667,1.2414634146341463,1.1724137931034482,2.5560460313609203,1.4886621296263447,1.4886621296263447,-12.414634146341463,-11.724137931034482,38.59504213350835,3.4963398286331633,3.4963398286331633,0.004878048780487805,0.0,0.002911111733831185,0.017341483588533154,0.017341483588533154,0.7336683417085427,-0.9947397160206569,-0.10243484451661397,817.5507263727284,1.029905512696132,3500.0,95000.0,35.2,4.2,2242.8862185570674,0.8867235236046039,-0.3939369125677371,-1.0401396397208071,-0.17041054014970614,0.7671585642861897,-1.9007342743928286,0.9760032551417772
141,East Queen Anne,384.0,1.5234375,4.0,0.7401027775991127,0.0,1.0,0.0,0.0,0.0,0.0,0.0,0.0,-585.0,-15.234375,351.62311557788945,345.92763157894734,346.39285714285717,384.0,384.0,2.605501029054099,2.5432030294325,2.5560460313609203,1.5234375,1.5234375,44.08319514118346,39.08401388259955,38.59504213350835,-15.234375,-15.234375,0.00680095331825695,0.004516931374460902,0.002911111733831185,0.0,0.0,0.7085427135678392,-0.9662654861260217,-0.25754807380689737,697.0635063195592,1.7172036538249813,,,,,1336.3393644468233,0.4651664395523301,-0.3252234416724573,0.0,0.0,0.0,0.0,-0.006119668718152954
142,East Queen Anne,409.0,3.227383863080685,5.0,0.8601375014528947,0.004889975550122249,0.02689486552567237,0.3154034229828851,0.0,0.6577017114914425,0.0,0.0,0.0,3085.0,75.4278728606357,384.0,345.92763157894734,346.39285714285717,396.5,396.5,1.5234375,2.5432030294325,2.5560460313609203,2.3754106815403424,2.3754106815403424,-15.234375,39.08401388259955,38.59504213350835,30.09674893031785,30.09674893031785,0.0,0.004516931374460902,0.002911111733831185,0.0024449877750611247,0.0024449877750611247,0.7135678391959799,-0.9739143080855377,-0.22691610896159048,697.0635063195592,1.7172036538249813,,,,,1336.3393644468233,0.4651664395523301,-0.3252234416724573,0.0,0.0,0.0,0.0,-0.006119668718152954
143,East Queen Anne,404.0,3.0,5.0,0.5318631514879274,0.0024752475247524753,0.0,0.0,0.8143564356435643,0.0297029702970297,0.15594059405940594,0.0,0.0,3508.5,86.8440594059406,409.0,384.0,346.39285714285717,399.0,399.0,3.227383863080685,1.5234375,2.5560460313609203,2.583607121026895,2.583607121026895,75.4278728606357,-15.234375,38.59504213350835,49.01251908885877,49.01251908885877,0.004889975550122249,0.0,0.002911111733831185,0.002455074358291575,0.002455074358291575,0.7185929648241206,-0.9805923110824041,-0.19605794920397804,697.0635063195592,1.7172036538249813,,,,,1336.3393644468233,0.4651664395523301,-0.3252234416724573,0.0,0.0,0.0,0.0,-0.006119668718152954
143,Eastlake,6.0,1.3333333333333333,2.0,0.5163977794943222,0.0,1.0,0.0,0.0,0.0,0.0,0.0,0.0,-8.0,-13.333333333333332,351.62311557788945,345.92763157894734,346.39285714285717,6.0,6.0,2.605501029054099,2.5432030294325,2.5560460313609203,1.3333333333333333,1.3333333333333333,44.08319514118346,39.08401388259955,38.59504213350835,-13.333333333333332,-13.333333333333332,0.00680095331825695,0.004516931374460902,0.002911111733831185,0.0,0.0,0.7185929648241206,-0.9805923110824041,-0.19605794920397804,478.4476797358216,0.8088658726774156,,,,,917.231303120487,-0.2997200798781091,-0.4160356204824466,0.0,0.0,0.0,0.0,-0.46016750169759674
144,Eastlake,381.0,2.52755905511811,5.0,1.473414071504877,0.010498687664041995,0.4671916010498688,0.13910761154855644,0.12860892388451445,0.12598425196850394,0.12860892388451445,0.007874015748031496,0.0026246719160104987,1585.0,41.6010498687664,6.0,345.92763157894734,346.39285714285717,193.5,193.5,1.3333333333333333,2.5432030294325,2.5560460313609203,1.9304461942257216,1.9304461942257216,-13.333333333333332,39.08401388259955,38.59504213350835,14.133858267716535,14.133858267716535,0.0,0.004516931374460902,0.002911111733831185,0.005249343832020997,0.005249343832020997,0.7236180904522613,-0.9862928383380027,-0.1650043546187989,478.4476797358216,0.8088658726774156,,,,,917.231303120487,-0.2997200798781091,-0.4160356204824466,0.0,0.0,0.0,0.0,-0.46016750169759674
193,First Hill,129.0,1.9612403100775193,4.0,1.041356542982471,0.0,1.0,0.0,0.0,0.0,0.0,0.0,0.0,-253.0,-19.612403100775193,351.62311557788945,345.92763157894734,346.39285714285717,129.0,129.0,2.605501029054099,2.5432030294325,2.5560460313609203,1.9612403100775193,1.9612403100775193,44.08319514118346,39.08401388259955,38.59504213350835,-19.612403100775193,-19.612403100775193,0.00680095331825695,0.004516931374460902,0.002911111733831185,0.0,0.0,0.9698492462311558,-0.18831166648971848,0.9821093199149803,924.1771176919513,0.7963841409946326,18000.0,48000.0,42.5,18.5,6014.76850608491,1.2597847543949974,-0.41728349684844246,1.2057517931242347,-1.5052931046557374,1.339062317237952,1.9399885691900725,5.0623359624767605
194,First Hill,410.0,2.102439024390244,5.0,0.8951069938854871,0.0024390243902439024,1.0,0.0,0.0,0.0,0.0,0.0,0.0,-862.0,-21.024390243902438,129.0,345.92763157894734,346.39285714285717,269.5,269.5,1.9612403100775193,2.5432030294325,2.5560460313609203,2.0318396672338817,2.0318396672338817,-19.612403100775193,39.08401388259955,38.59504213350835,-20.318396672338814,-20.318396672338814,0.0,0.004516931374460902,0.002911111733831185,0.0012195121951219512,0.0012195121951219512,0.9748743718592965,-0.15721404296725106,0.9875645521655236,924.1771176919513,0.7963841409946326,18000.0,48000.0,42.5,18.5,6014.76850608491,1.2597847543949974,-0.41728349684844246,1.2057517931242347,-1.5052931046557374,1.339062317237952,1.9399885691900725,5.0623359624767605
195,First Hill,197.0,3.512690355329949,5.0,1.1321333350471017,0.02030456852791878,0.09644670050761421,0.015228426395939087,0.467005076142132,0.13705583756345177,0.27918781725888325,0.0,0.005076142131979695,1689.0,85.73604060913706,410.0,129.0,346.39285714285717,245.33333333333334,245.33333333333334,2.102439024390244,1.9612403100775193,2.5560460313609203,2.525456563265904,2.525456563265904,-21.024390243902438,-19.612403100775193,38.59504213350835,15.033082421486478,15.033082421486478,0.0024390243902439024,0.0,0.002911111733831185,0.007581197639387561,0.007581197639387561,0.9798994974874372,-0.12595970506771748,0.9920353585932579,924.1771176919513,0.7963841409946326,18000.0,48000.0,42.5,18.5,6014.76850608491,1.2597847543949974,-0.41728349684844246,1.2057517931242347,-1.5052931046557374,1.339062317237952,1.9399885691900725,5.0623359624767605
188,Fremont,213.0,1.6854460093896713,5.0,0.9005367441119725,0.004694835680751174,1.0,0.0,0.0,0.0,0.0,0.0,0.0,-359.0,-16.854460093896712,351.62311557788945,345.92763157894734,346.39285714285717,213.0,213.0,2.605501029054099,2.5432030294325,2.5560460313609203,1.6854460093896713,1.6854460093896713,44.08319514118346,39.08401388259955,38.59504213350835,-16.854460093896712,-16.854460093896712,0.00680095331825695,0.004516931374460902,0.002911111733831185,0.004694835680751174,0.004694835680751174,0.9447236180904522,-0.3403713034041135,0.9402911122726754,845.6539757887296,2.5223082502634497,14000.0,98000.0,16.8,7.3,2000.6951183457547,0.9850503326302854,-0.24473212655822152,0.5861955357876715,-0.08520527007485307,-0.674352265071678,-1.0681300215881437,0.7136214153130531
189,Fremont,410.0,1.6097560975609757,5.0,0.8558171085291749,0.004878048780487805,1.0,0.0,0.0,0.0,0.0,0.0,0.0,-660.0,-16.097560975609756,213.0,345.92763157894734,346.39285714285717,311.5,311.5,1.6854460093896713,2.5432030294325,2.5560460313609203,1.6476010534753236,1.6476010534753236,-16.854460093896712,39.08401388259955,38.59504213350835,-16.476010534753236,-16.476010534753236,0.004694835680751174,0.004516931374460902,0.002911111733831185,0.004786442230619489,0.004786442230619489,0.949748743718593,-0.3105180318741691,0.9505674893877828,845.6539757887296,2.5223082502634497,14000.0,98000.0,16.8,7.3,2000.6951183457547,0.9850503326302854,-0.24473212655822152,0.5861955357876715,-0.08520527007485307,-0.674352265071678,-1.0681300215881437,0.7136214153130531
190,Fremont,410.0,2.4097560975609755,5.0,1.2999538976306715,0.00975609756097561,0.5097560975609756,0.28780487804878047,0.0,0.1902439024390244,0.0,0.012195121951219513,0.0,1485.5,36.23170731707317,410.0,213.0,346.39285714285717,344.3333333333333,344.3333333333333,1.6097560975609757,1.6854460093896713,2.5560460313609203,1.9016527348372074,1.9016527348372074,-16.097560975609756,-16.854460093896712,38.59504213350835,1.0932287491889003,1.0932287491889003,0.004878048780487805,0.004694835680751174,0.002911111733831185,0.006442994007404863,0.006442994007404863,0.9547738693467337,-0.28035522921701433,0.959896320156857,845.6539757887296,2.5223082502634497,14000.0,98000.0,16.8,7.3,2000.6951183457547,0.9850503326302854,-0.24473212655822152,0.5861955357876715,-0.08520527007485307,-0.674352265071678,-1.0681300215881437,0.7136214153130531
191,Fremont,410.0,2.5829268292682928,5.0,0.8502559485278752,0.046341463414634146,0.0,0.0,0.0,0.7195121951219512,0.2804878048780488,0.0,0.0,2294.0,55.95121951219512,410.0,410.0,213.0,410.0,360.75,2.4097560975609755,1.6097560975609757,1.6854460093896713,2.200813008130081,2.0719712584449788,36.23170731707317,-16.097560975609756,-16.854460093896712,25.361788617886177,14.807726439940454,0.00975609756097561,0.004878048780487805,0.004694835680751174,0.02032520325203252,0.016417611359212183,0.9597989949748744,-0.24991296237030794,0.9682683053985073,845.6539757887296,2.5223082502634497,14000.0,98000.0,16.8,7.3,2000.6951183457547,0.9850503326302854,-0.24473212655822152,0.5861955357876715,-0.08520527007485307,-0.674352265071678,-1.0681300215881437,0.7136214153130531
192,Fremont,409.0,3.3618581907090466,5.0,1.096390007464628,0.08068459657701711,0.0,0.0,0.6063569682151589,0.0,0.37163814180929094,0.0,0.022004889975550123,3866.0,94.52322738386307,410.0,410.0,410.0,409.6666666666667,370.4,2.5829268292682928,2.4097560975609755,1.6097560975609757,2.784847039179438,2.3299486448977924,55.95121951219512,36.23170731707317,-16.097560975609756,62.235384737710454,30.75082662872498,0.046341463414634146,0.00975609756097561,0.004878048780487805,0.04559405251754229,0.02927100840277317,0.964824120603015,-0.21922157684769145,0.9756750997357736,845.6539757887296,2.5223082502634497,14000.0,98000.0,16.8,7.3,2000.6951183457547,0.9850503326302854,-0.24473212655822152,0.5861955357876715,-0.08520527007485307,-0.674352265071678,-1.0681300215881437,0.7136214153130531
193,Fremont,281.0,3.718861209964413,5.0,0.9613792836841776,0.0,0.0,0.0,1.0,0.0,0.0,0.0,0.0,3135.0,111.5658362989324,409.0,410.0,410.0,366.6666666666667,384.0,3.3618581907090466,2.5829268292682928,2.4097560975609755,3.221215409980584,2.7366316850127403,94.52322738386307,55.95121951219512,36.23170731707317,87.34676106499687,56.4348859072908,0.08068459657701711,0.046341463414634146,0.00975609756097561,0.042342019997217074,0.02833204126662293,0.9698492462311558,-0.18831166648971848,0.9821093199149803,845.6539757887296,2.5223082502634497,14000.0,98000.0,16.8,7.3,2000.6951183457547,0.9850503326302854,-0.24473212655822152,0.5861955357876715,-0.08520527007485307,-0.674352265071678,-1.0681300215881437,0.7136214153130531
68,Green Lake,102.0,1.5588235294117647,4.0,0.6975704572351255,0.00980392156862745,1.0,0.0,0.0,0.0,0.0,0.0,0.0,-159.0,-15.588235294117647,351.62311557788945,345.92763157894734,346.39285714285717,102.0,102.0,2.605501029054099,2.5432030294325,2.5560460313609203,1.5588235294117647,1.5588235294117647,44.08319514118346,39.08401388259955,38.59504213350835,-15.588235294117647,-15.588235294117647,0.00680095331825695,0.004516931374460902,0.002911111733831185,0.00980392156862745,0.00980392156862745,0.3417085427135678,0.8385272362373776,-0.5448596829350701,204.54882711137907,12.95534194658103,18000.0,92000.0,14.2,11.8,525.1565687703471,-1.2580291983611398,0.7983231566467344,1.2057517931242347,-0.2556158102245592,-0.8780440126983332,0.14048905506381823,-0.884928320981999
69,Green Lake,410.0,1.6317073170731706,5.0,0.651099887322608,0.0024390243902439024,1.0,0.0,0.0,0.0,0.0,0.0,0.0,-669.0,-16.317073170731707,102.0,345.92763157894734,346.39285714285717,256.0,256.0,1.5588235294117647,2.5432030294325,2.5560460313609203,1.5952654232424677,1.5952654232424677,-15.588235294117647,39.08401388259955,38.59504213350835,-15.952654232424678,-15.952654232424678,0.00980392156862745,0.004516931374460902,0.002911111733831185,0.006121472979435677,0.006121472979435677,0.34673366834170855,0.8209088751292626,-0.5710592077306947,204.54882711137907,12.95534194658103,18000.0,92000.0,14.2,11.8,525.1565687703471,-1.2580291983611398,0.7983231566467344,1.2057517931242347,-0.2556158102245592,-0.8780440126983332,0.14048905506381823,-0.884928320981999
70,Green Lake,410.0,2.204878048780488,5.0,1.307108872157727,0.0,0.7365853658536585,0.2634146341463415,0.0,0.0,0.0,0.0,0.0,764.0,18.634146341463417,410.0,102.0,346.39285714285717,307.3333333333333,307.3333333333333,1.6317073170731706,1.5588235294117647,2.5560460313609203,1.7984696317551412,1.7984696317551412,-16.317073170731707,-15.588235294117647,38.59504213350835,-4.423720707795312,-4.423720707795312,0.0024390243902439024,0.00980392156862745,0.002911111733831185,0.004080981986290451,0.004080981986290451,0.35175879396984927,0.802472214201578,-0.5966894882888559,204.54882711137907,12.95534194658103,18000.0,92000.0,14.2,11.8,525.1565687703471,-1.2580291983611398,0.7983231566467344,1.2057517931242347,-0.2556158102245592,-0.8780440126983332,0.14048905506381823,-0.884928320981999
71,Green Lake,409.0,4.039119804400978,5.0,0.9540600588568018,0.007334963325183374,0.0,0.9633251833740831,0.0,0.029339853300733496,0.0,0.007334963325183374,0.0,4910.5,120.06112469437653,410.0,410.0,102.0,409.6666666666667,332.75,2.204878048780488,1.6317073170731706,1.5588235294117647,2.6252350567515457,2.3586321749166004,18.634146341463417,-16.317073170731707,-15.588235294117647,40.79273262170275,26.69749064274765,0.0,0.0024390243902439024,0.00980392156862745,0.0032579959051424255,0.004894477321013682,0.35678391959798994,0.7832356315188905,-0.6217249757884951,204.54882711137907,12.95534194658103,18000.0,92000.0,14.2,11.8,525.1565687703471,-1.2580291983611398,0.7983231566467344,1.2057517931242347,-0.2556158102245592,-0.8780440126983332,0.14048905506381823,-0.884928320981999
72,Green Lake,410.0,2.629268292682927,5.0,1.0080953263515053,0.0024390243902439024,0.0,0.0,0.0,1.0,0.0,0.0,0.0,2156.0,52.58536585365854,409.0,410.0,410.0,409.6666666666667,348.2,4.039119804400978,2.204878048780488,1.6317073170731706,2.9577553819547977,2.4127593984698654,120.06112469437653,18.634146341463417,-16.317073170731707,63.7602122964995,31.875065684929826,0.007334963325183374,0.0,0.0024390243902439024,0.0032579959051424255,0.004403386734859726,0.36180904522613067,0.7632183025251684,-0.6461407143112099,204.54882711137907,12.95534194658103,18000.0,92000.0,14.2,11.8,525.1565687703471,-1.2580291983611398,0.7983231566467344,1.2057517931242347,-0.2556158102245592,-0.8780440126983332,0.14048905506381823,-0.884928320981999
73,Green Lake,410.0,2.9341463414634146,5.0,1.0456826495025582,0.03902439024390244,0.0,0.0,0.3170731707317073,0.4024390243902439,0.275609756097561,0.0,0.004878048780487805,3062.5,74.69512195121952,410.0,409.0,410.0,409.6666666666667,409.8,2.629268292682927,4.039119804400978,2.204878048780488,3.2008448128491067,2.6878239608801957,52.58536585365854,120.06112469437653,18.634146341463417,82.44720416641819,49.93173713399726,0.0024390243902439024,0.007334963325183374,0.0,0.01626612598644324,0.010247480469914725,0.36683417085427134,0.7424401809292833,-0.669912365717855,204.54882711137907,12.95534194658103,18000.0,92000.0,14.2,11.8,525.1565687703471,-1.2580291983611398,0.7983231566467344,1.2057517931242347,-0.2556158102245592,-0.8780440126983332,0.14048905506381823,-0.884928320981999
74,Green Lake,410.0,3.7,5.0,0.833439276069268,0.0,0.0,0.0,1.0,0.0,0.0,0.0,0.0,4551.0,111.0,410.0,410.0,409.0,410.0,409.8,2.9341463414634146,2.629268292682927,4.039119804400978,3.0878048780487806,3.1014824974655615,74.69512195121952,52.58536585365854,120.06112469437653,79.42682926829268,75.3951517681436,0.03902439024390244,0.0024390243902439024,0.007334963325183374,0.013821138211382115,0.009759675591865942,0.37185929648241206,0.7209219788147164,-0.6930162339093318,204.54882711137907,12.95534194658103,18000.0,92000.0,14.2,11.8,525.1565687703471,-1.2580291983611398,0.7983231566467344,1.2057517931242347,-0.2556158102245592,-0.8780440126983332,0.14048905506381823,-0.884928320981999
75,Green Lake,89.0,3.5280898876404496,4.0,0.5020387444404121,0.02247191011235955,0.0,0.0,1.0,0.0,0.0,0.0,0.0,942.0,105.84269662921349,410.0,410.0,410.0,303.0,345.6,3.7,2.9341463414634146,2.629268292682927,3.387412076367955,3.3661248652375533,111.0,74.69512195121952,52.58536585365854,97.17927286014434,92.83686182569362,0.0,0.03902439024390244,0.0024390243902439024,0.020498766785420664,0.01425405761433785,0.3768844221105528,0.6986851459933066,-0.7154292884473712,204.54882711137907,12.95534194658103,18000.0,92000.0,14.2,11.8,525.1565687703471,-1.2580291983611398,0.7983231566467344,1.2057517931242347,-0.2556158102245592,-0.8780440126983332,0.14048905506381823,-0.884928320981999
0,Harbor Island,170.0,2.976470588235294,5.0,1.2111559404748757,0.0058823529411764705,0.22941176470588234,0.1588235294117647,0.0,0.12352941176470589,0.48823529411764705,0.0,0.0,1021.0,60.05882352941177,351.62311557788945,345.92763157894734,346.39285714285717,170.0,170.0,2.605501029054099,2.5432030294325,2.5560460313609203,2.976470588235294,2.976470588235294,44.08319514118346,39.08401388259955,38.59504213350835,60.05882352941177,60.05882352941177,0.00680095331825695,0.004516931374460902,0.002911111733831185,0.0058823529411764705,0.0058823529411764705,0.0,0.0,1.0,225.80969996172144,0.7528463127528084,,,,,432.8994247970826,-1.1836422919386878,-0.4216362443894509,0.0,0.0,0.0,0.0,-0.9848766640545904
45,Harrison/Denny-Blaine,259.0,2.146718146718147,4.0,0.9969424388862006,0.0,0.6332046332046332,0.3667953667953668,0.0,0.0,0.0,0.0,0.0,588.0,22.7027027027027,351.62311557788945,345.92763157894734,346.39285714285717,259.0,259.0,2.605501029054099,2.5432030294325,2.5560460313609203,2.146718146718147,2.146718146718147,44.08319514118346,39.08401388259955,38.59504213350835,22.7027027027027,22.7027027027027,0.00680095331825695,0.004516931374460902,0.002911111733831185,0.0,0.0,0.22613065326633167,0.9887747345870026,0.14941393590426094,716.0312317741583,1.2625147617654875,,,,,1372.702361432324,0.5315301504107629,-0.3706815188609417,0.0,0.0,0.0,0.0,0.03327480136112532
46,Harrison/Denny-Blaine,410.0,3.0195121951219512,5.0,0.27903037858565466,0.0,0.0,0.2951219512195122,0.0,0.651219512195122,0.05365853658536585,0.0,0.0,2876.0,70.14634146341463,259.0,345.92763157894734,346.39285714285717,334.5,334.5,2.146718146718147,2.5432030294325,2.5560460313609203,2.583115170920049,2.583115170920049,22.7027027027027,39.08401388259955,38.59504213350835,46.42452208305866,46.42452208305866,0.0,0.004516931374460902,0.002911111733831185,0.0,0.0,0.23115577889447236,0.9929986997786696,0.11812528195890805,716.0312317741583,1.2625147617654875,,,,,1372.702361432324,0.5315301504107629,-0.3706815188609417,0.0,0.0,0.0,0.0,0.03327480136112532
47,Harrison/Denny-Blaine,235.0,3.051063829787234,5.0,0.430599036339355,0.00425531914893617,0.0,0.0,0.8425531914893617,0.0,0.1574468085106383,0.0,0.0,2096.5,89.2127659574468,410.0,259.0,346.39285714285717,301.3333333333333,301.3333333333333,3.0195121951219512,2.146718146718147,2.5560460313609203,2.7390980572091106,2.7390980572091106,70.14634146341463,22.7027027027027,38.59504213350835,60.68727004118805,60.68727004118805,0.0,0.0,0.002911111733831185,0.0014184397163120568,0.0014184397163120568,0.23618090452261306,0.9962328222710067,0.08671887816355095,716.0312317741583,1.2625147617654875,,,,,1372.702361432324,0.5315301504107629,-0.3706815188609417,0.0,0.0,0.0,0.0,0.03327480136112532
0,Industrial District,240.0,1.875,4.0,0.6476542804194277,0.0,1.0,0.0,0.0,0.0,0.0,0.0,0.0,-450.0,-18.75,351.62311557788945,345.92763157894734,346.39285714285717,240.0,240.0,2.605501029054099,2.5432030294325,2.5560460313609203,1.875,1.875,44.08319514118346,39.08401388259955,38.59504213350835,-18.75,-18.75,0.00680095331825695,0.004516931374460902,0.002911111733831185,0.0,0.0,0.0,0.0,1.0,179.8862464703462,63.823667597025626,1200.0,45000.0,52.3,8.2,1218.665000509802,-1.3443178983216002,5.883946127098159,-1.396384487689331,-1.5904983747305905,2.106823519830729,-0.8264062062577516,-0.133604188518969
1,Industrial District,410.0,1.9097560975609755,5.0,0.5082713779733079,0.0,1.0,0.0,0.0,0.0,0.0,0.0,0.0,-783.0,-19.097560975609756,240.0,345.92763157894734,346.39285714285717,325.0,325.0,1.875,2.5432030294325,2.5560460313609203,1.8923780487804878,1.8923780487804878,-18.75,39.08401388259955,38.59504213350835,-18.923780487804876,-18.923780487804876,0.0,0.004516931374460902,0.002911111733831185,0.0,0.0,0.005025125628140704,0.03156854976481053,0.9995015891261738,179.8862464703462,63.823667597025626,1200.0,45000.0,52.3,8.2,1218.665000509802,-1.3443178983216002,5.883946127098159,-1.396384487689331,-1.5904983747305905,2.106823519830729,-0.8264062062577516,-0.133604188518969
2,Industrial District,410.0,3.3292682926829267,5.0,0.9569572558148747,0.0,0.28780487804878047,0.7121951219512195,0.0,0.0,0.0,0.0,0.0,3183.0,77.63414634146342,410.0,240.0,346.39285714285717,353.3333333333333,353.3333333333333,1.9097560975609755,1.875,2.5560460313609203,2.371341463414634,2.371341463414634,-19.097560975609756,-18.75,38.59504213350835,13.262195121951223,13.262195121951223,0.0,0.0,0.002911111733831185,0.0,0.0,0.010050251256281407,0.06310563131267365,0.9980068533314934,179.8862464703462,63.823667597025626,1200.0,45000.0,52.3,8.2,1218.665000509802,-1.3443178983216002,5.883946127098159,-1.396384487689331,-1.5904983747305905,2.106823519830729,-0.8264062062577516,-0.133604188518969
3,Industrial District,410.0,3.9365853658536585,4.0,0.2440049876849795,0.0,0.0,1.0,0.0,0.0,0.0,0.0,0.0,4842.0,118.09756097560977,410.0,410.0,240.0,410.0,367.5,3.3292682926829267,1.9097560975609755,1.875,3.0585365853658537,2.7626524390243903,77.63414634146342,-19.097560975609756,-18.75,58.87804878048781,39.47103658536586,0.0,0.0,0.0,0.0,0.0,0.01507537688442211,0.09457980779484494,0.995517282601106,179.8862464703462,63.823667597025626,1200.0,45000.0,52.3,8.2,1218.665000509802,-1.3443178983216002,5.883946127098159,-1.396384487689331,-1.5904983747305905,2.106823519830729,-0.8264062062577516,-0.133604188518969
4,Industrial District,410.0,3.797560975609756,4.0,0.4083407925671295,0.0024390243902439024,0.0,1.0,0.0,0.0,0.0,0.0,0.0,4671.0,113.92682926829268,410.0,410.0,410.0,410.0,376.0,3.9365853658536585,3.3292682926829267,1.9097560975609755,3.68780487804878,2.9696341463414635,118.09756097560977,77.63414634146342,-19.097560975609756,103.21951219512196,54.36219512195122,0.0,0.0,0.0,0.0008130081300813008,0.0004878048780487805,0.020100502512562814,0.12595970506771756,0.9920353585932578,179.8862464703462,63.823667597025626,1200.0,45000.0,52.3,8.2,1218.665000509802,-1.3443178983216002,5.883946127098159,-1.396384487689331,-1.5904983747305905,2.106823519830729,-0.8264062062577516,-0.133604188518969
5,Industrial District,410.0,3.773170731707317,5.0,0.4740319644261891,0.0,0.0,1.0,0.0,0.0,0.0,0.0,0.0,4641.0,113.19512195121952,410.0,410.0,410.0,410.0,410.0,3.797560975609756,3.9365853658536585,3.3292682926829267,3.8357723577235774,3.3492682926829267,113.92682926829268,118.09756097560977,77.63414634146342,115.07317073170732,80.75121951219512,0.0024390243902439024,0.0,0.0,0.0008130081300813008,0.0004878048780487805,0.02512562814070352,0.15721404296725078,0.9875645521655237,179.8862464703462,63.823667597025626,1200.0,45000.0,52.3,8.2,1218.665000509802,-1.3443178983216002,5.883946127098159,-1.396384487689331,-1.5904983747305905,2.106823519830729,-0.8264062062577516,-0.133604188518969
6,Industrial District,410.0,3.924390243902439,5.0,0.351928315525888,0.0,0.0,1.0,0.0,0.0,0.0,0.0,0.0,4827.0,117.73170731707317,410.0,410.0,410.0,410.0,410.0,3.773170731707317,3.797560975609756,3.9365853658536585,3.8317073170731706,3.752195121951219,113.19512195121952,113.92682926829268,118.09756097560977,114.95121951219512,108.11707317073171,0.0,0.0024390243902439024,0.0,0.0008130081300813008,0.0004878048780487805,0.03015075376884422,0.18831166648971787,0.9821093199149804,179.8862464703462,63.823667597025626,1200.0,45000.0,52.3,8.2,1218.665000509802,-1.3443178983216002,5.883946127098159,-1.396384487689331,-1.5904983747305905,2.106823519830729,-0.8264062062577516,-0.133604188518969
7,Industrial District,409.0,3.7872860635696823,5.0,0.6868760761210546,0.0,0.0,1.0,0.0,0.0,0.0,0.0,0.0,4647.0,113.61858190709046,410.0,410.0,410.0,409.6666666666667,409.8,3.924390243902439,3.773170731707317,3.797560975609756,3.8282823463931464,3.8437986761285705,117.73170731707317,113.19512195121952,113.92682926829268,114.84847039179438,115.31396028385711,0.0,0.0,0.0024390243902439024,0.0,0.0004878048780487805,0.035175879396984924,0.21922157684769134,0.9756750997357736,179.8862464703462,63.823667597025626,1200.0,45000.0,52.3,8.2,1218.665000509802,-1.3443178983216002,5.883946127098159,-1.396384487689331,-1.5904983747305905,2.106823519830729,-0.8264062062577516,-0.133604188518969
8,Industrial District,410.0,3.8902439024390243,5.0,0.5187463155311604,0.0,0.0,1.0,0.0,0.0,0.0,0.0,0.0,4785.0,116.70731707317073,409.0,410.0,410.0,409.6666666666667,409.8,3.7872860635696823,3.924390243902439,3.773170731707317,3.867306736637049,3.8345303834456437,113.61858190709046,117.73170731707317,113.19512195121952,116.01920209911145,115.0359115033693,0.0,0.0,0.0,0.0,0.0004878048780487805,0.04020100502512563,0.24991296237030836,0.9682683053985072,179.8862464703462,63.823667597025626,1200.0,45000.0,52.3,8.2,1218.665000509802,-1.3443178983216002,5.883946127098159,-1.396384487689331,-1.5904983747305905,2.106823519830729,-0.8264062062577516,-0.133604188518969
9,Industrial District,410.0,3.9317073170731707,5.0,0.31307218473678716,0.0,0.0,0.9512195121951219,0.0,0.024390243902439025,0.0,0.024390243902439025,0.0,4759.0,116.07317073170732,410.0,409.0,410.0,409.6666666666667,409.8,3.8902439024390243,3.7872860635696823,3.924390243902439,3.8697457610272927,3.8613596517383266,116.70731707317073,113.61858190709046,117.73170731707317,115.46635657065616,115.46517979605224,0.0,0.0,0.0,0.0,0.0,0.04522613065326633,0.28035522921701445,0.959896320156857,179.8862464703462,63.823667597025626,1200.0,45000.0,52.3,8.2,1218.665000509802,-1.3443178983216002,5.883946127098159,-1.396384487689331,-1.5904983747305905,2.106823519830729,-0.8264062062577516,-0.133604188518969
10,Industrial District,410.0,3.373170731707317,5.0,0.9458503865117887,0.004878048780487805,0.0,0.0,0.0,0.926829268292683,0.07317073170731707,0.0,0.0,2816.0,68.6829268292683,410.0,410.0,409.0,410.0,409.8,3.9317073170731707,3.8902439024390243,3.7872860635696823,3.731707317073171,3.7813596517383266,116.07317073170732,116.70731707317073,113.61858190709046,100.48780487804878,106.56274077166199,0.0,0.0,0.0,0.0016260162601626016,0.000975609756097561,0.05025125628140704,0.3105180318741688,0.9505674893877829,179.8862464703462,63.823667597025626,1200.0,45000.0,52.3,8.2,1218.665000509802,-1.3443178983216002,5.883946127098159,-1.396384487689331,-1.5904983747305905,2.106823519830729,-0.8264062062577516,-0.133604188518969
11,Industrial District,410.0,3.2536585365853656,5.0,0.6700354188994492,0.0024390243902439024,0.00975609756097561,0.0,0.6487804878048781,0.0,0.3170731707317073,0.0,0.024390243902439025,3694.5,90.10975609756099,410.0,410.0,410.0,410.0,409.8,3.373170731707317,3.9317073170731707,3.8902439024390243,3.5195121951219512,3.647213310274912,68.6829268292683,116.07317073170732,116.70731707317073,91.6219512195122,101.03835052775956,0.004878048780487805,0.0,0.0,0.0024390243902439024,0.0014634146341463415,0.05527638190954774,0.34037130340411287,0.9402911122726756,179.8862464703462,63.823667597025626,1200.0,45000.0,52.3,8.2,1218.665000509802,-1.3443178983216002,5.883946127098159,-1.396384487689331,-1.5904983747305905,2.106823519830729,-0.8264062062577516,-0.133604188518969
12,Industrial District,410.0,1.8317073170731708,5.0,1.0102019997933223,0.0,1.0,0.0,0.0,0.0,0.0,0.0,0.0,-751.0,-18.317073170731707,410.0,410.0,410.0,410.0,410.0,3.2536585365853656,3.373170731707317,3.9317073170731707,2.8195121951219515,3.25609756097561,90.10975609756099,68.6829268292683,116.07317073170732,46.82520325203253,74.65121951219513,0.0024390243902439024,0.004878048780487805,0.0,0.0024390243902439024,0.0014634146341463415,0.06030150753768844,0.3698852854165468,0.9290774325277306,179.8862464703462,63.823667597025626,1200.0,45000.0,52.3,8.2,1218.665000509802,-1.3443178983216002,5.883946127098159,-1.396384487689331,-1.5904983747305905,2.106823519830729,-0.8264062062577516,-0.133604188518969
13,Industrial District,410.0,1.7707317073170732,5.0,0.8768257661448836,0.0,1.0,0.0,0.0,0.0,0.0,0.0,0.0,-726.0,-17.70731707317073,410.0,410.0,410.0,410.0,410.0,1.8317073170731708,3.2536585365853656,3.373170731707317,2.2853658536585364,2.8321951219512194,-18.317073170731707,90.10975609756099,68.6829268292683,18.02845528455285,47.76829268292684,0.0,0.0024390243902439024,0.004878048780487805,0.0008130081300813008,0.0014634146341463415,0.06532663316582915,0.399030557732341,0.9169376281927888,179.8862464703462,63.823667597025626,1200.0,45000.0,52.3,8.2,1218.665000509802,-1.3443178983216002,5.883946127098159,-1.396384487689331,-1.5904983747305905,2.106823519830729,-0.8264062062577516,-0.133604188518969
14,Industrial District,409.0,1.7555012224938875,5.0,0.9945317676604186,0.0024449877750611247,1.0,0.0,0.0,0.0,0.0,0.0,0.0,-718.0,-17.555012224938874,410.0,410.0,410.0,409.6666666666667,409.8,1.7707317073170732,1.8317073170731708,3.2536585365853656,1.7859800822947107,2.396953903035363,-17.70731707317073,-18.317073170731707,90.10975609756099,-17.859800822947104,21.042656091597596,0.0,0.0,0.0024390243902439024,0.0008149959250203749,0.0019524121891585666,0.07035175879396985,0.4277780677102096,0.9038838004888236,179.8862464703462,63.823667597025626,1200.0,45000.0,52.3,8.2,1218.665000509802,-1.3443178983216002,5.883946127098159,-1.396384487689331,-1.5904983747305905,2.106823519830729,-0.8264062062577516,-0.133604188518969
15,Industrial District,410.0,1.397560975609756,4.0,0.6297388774167411,0.0,1.0,0.0,0.0,0.0,0.0,0.0,0.0,-573.0,-13.97560975609756,409.0,410.0,410.0,409.6666666666667,409.8,1.7555012224938875,1.7707317073170732,1.8317073170731708,1.6412646351402387,2.0018319518158507,-17.555012224938874,-17.70731707317073,-18.317073170731707,-16.41264635140239,4.510948774524424,0.0024449877750611247,0.0,0.0,0.0008149959250203749,0.0009768024330610054,0.07537688442211055,0.45609915920701594,0.8899289617551803,179.8862464703462,63.823667597025626,1200.0,45000.0,52.3,8.2,1218.665000509802,-1.3443178983216002,5.883946127098159,-1.396384487689331,-1.5904983747305905,2.106823519830729,-0.8264062062577516,-0.133604188518969
16,Industrial District,410.0,3.3878048780487804,5.0,1.4762496462553534,0.0,0.24390243902439024,0.7560975609756098,0.0,0.0,0.0,0.0,0.0,3667.0,89.4390243902439,410.0,409.0,410.0,409.6666666666667,409.8,1.397560975609756,1.7555012224938875,1.7707317073170732,2.180289025384141,2.0286612201085337,-13.97560975609756,-17.555012224938874,-17.70731707317073,19.302800803069157,4.3768024330610045,0.0,0.0024449877750611247,0.0,0.0008149959250203749,0.0004889975550122249,0.08040201005025126,0.48396560114283876,0.8750870224785937,179.8862464703462,63.823667597025626,1200.0,45000.0,52.3,8.2,1218.665000509802,-1.3443178983216002,5.883946127098159,-1.396384487689331,-1.5904983747305905,2.106823519830729,-0.8264062062577516,-0.133604188518969
17,Industrial District,410.0,3.8292682926829267,5.0,0.7973807680225532,0.0,0.0,1.0,0.0,0.0,0.0,0.0,0.0,4710.0,114.8780487804878,410.0,410.0,409.0,410.0,409.8,3.3878048780487804,1.397560975609756,1.7555012224938875,2.8715447154471545,2.428173415230485,89.4390243902439,-13.97560975609756,-17.555012224938874,63.447154471544714,31.015826823304906,0.0,0.0,0.0024449877750611247,0.0,0.0004889975550122249,0.08542713567839195,0.5113496156423266,0.859372777426912,179.8862464703462,63.823667597025626,1200.0,45000.0,52.3,8.2,1218.665000509802,-1.3443178983216002,5.883946127098159,-1.396384487689331,-1.5904983747305905,2.106823519830729,-0.8264062062577516,-0.133604188518969
18,Industrial District,410.0,3.8634146341463413,5.0,0.8249638348925804,0.0,0.0,1.0,0.0,0.0,0.0,0.0,0.0,4752.0,115.90243902439025,410.0,410.0,410.0,410.0,409.8,3.8292682926829267,3.3878048780487804,1.397560975609756,3.6934959349593495,2.846710000596338,114.8780487804878,89.4390243902439,-13.97560975609756,106.739837398374,57.737778042817105,0.0,0.0,0.0,0.0,0.0004889975550122249,0.09045226130653267,0.5382239057242886,0.8428018909013506,179.8862464703462,63.823667597025626,1200.0,45000.0,52.3,8.2,1218.665000509802,-1.3443178983216002,5.883946127098159,-1.396384487689331,-1.5904983747305905,2.106823519830729,-0.8264062062577516,-0.133604188518969
19,Industrial District,410.0,3.8634146341463413,5.0,0.8249638348925804,0.0,0.0,1.0,0.0,0.0,0.0,0.0,0.0,4752.0,115.90243902439025,410.0,410.0,410.0,410.0,410.0,3.8634146341463413,3.8292682926829267,3.3878048780487804,3.8520325203252033,3.268292682926829,115.90243902439025,114.8780487804878,89.4390243902439,115.5609756097561,84.42926829268292,0.0,0.0,0.0,0.0,0.0,0.09547738693467336,0.5645616825119181,0.8253908811219762,179.8862464703462,63.823667597025626,1200.0,45000.0,52.3,8.2,1218.665000509802,-1.3443178983216002,5.883946127098159,-1.396384487689331,-1.5904983747305905,2.106823519830729,-0.8264062062577516,-0.133604188518969
20,Industrial District,410.0,3.919512195121951,5.0,0.8219838582211325,0.0,0.0,0.9560975609756097,0.0,0.0,0.0,0.04390243902439024,0.0,4740.0,115.60975609756098,410.0,410.0,410.0,410.0,410.0,3.8634146341463413,3.8634146341463413,3.8292682926829267,3.8821138211382107,3.772682926829268,115.90243902439025,115.90243902439025,114.8780487804878,115.8048780487805,110.34634146341463,0.0,0.0,0.0,0.0,0.0,0.10050251256281408,0.5903366919365284,0.8071571037619854,179.8862464703462,63.823667597025626,1200.0,45000.0,52.3,8.2,1218.665000509802,-1.3443178983216002,5.883946127098159,-1.396384487689331,-1.5904983747305905,2.106823519830729,-0.8264062062577516,-0.133604188518969
21,Industrial District,409.0,3.2127139364303177,5.0,0.7709395330084583,0.007334963325183374,0.0,0.0,0.0,0.8606356968215159,0.0,0.1393643031784841,0.0,2542.5,62.163814180929094,410.0,410.0,410.0,409.6666666666667,409.8,3.919512195121951,3.8634146341463413,3.8634146341463413,3.6652135885662034,3.7376647385055755,115.60975609756098,115.90243902439025,115.90243902439025,97.8920031009601,104.89129942155168,0.0,0.0,0.0,0.0024449877750611247,0.001466992665036675,0.10552763819095477,0.6155232409081792,0.7881187346471924,179.8862464703462,63.823667597025626,1200.0,45000.0,52.3,8.2,1218.665000509802,-1.3443178983216002,5.883946127098159,-1.396384487689331,-1.5904983747305905,2.106823519830729,-0.8264062062577516,-0.133604188518969
22,Industrial District,410.0,2.841463414634146,5.0,1.054383238936706,0.024390243902439025,0.0,0.0,0.0,1.0,0.0,0.0,0.0,2330.0,56.829268292682926,409.0,410.0,410.0,409.6666666666667,409.8,3.2127139364303177,3.919512195121951,3.8634146341463413,3.3245631820621377,3.54010376289582,62.163814180929094,115.60975609756098,115.90243902439025,78.200946190391,93.2815433239907,0.007334963325183374,0.0,0.0,0.010575069075874133,0.006345041445524479,0.11055276381909548,0.6400962229271072,0.7682947516379707,179.8862464703462,63.823667597025626,1200.0,45000.0,52.3,8.2,1218.665000509802,-1.3443178983216002,5.883946127098159,-1.396384487689331,-1.5904983747305905,2.106823519830729,-0.8264062062577516,-0.133604188518969
23,Industrial District,410.0,3.178048780487805,5.0,0.8927888765294647,0.041463414634146344,0.0,0.0,0.0,0.4585365853658537,0.5414634146341464,0.0,0.0,2984.0,72.78048780487805,410.0,409.0,410.0,409.6666666666667,409.8,2.841463414634146,3.2127139364303177,3.919512195121951,3.077408710517423,3.403030592164112,56.829268292682926,62.163814180929094,115.60975609756098,63.924523426163354,84.65715308008825,0.024390243902439025,0.007334963325183374,0.0,0.02439620728725625,0.01463772437235375,0.11557788944723618,0.6640311431104312,0.7477049157117092,179.8862464703462,63.823667597025626,1200.0,45000.0,52.3,8.2,1218.665000509802,-1.3443178983216002,5.883946127098159,-1.396384487689331,-1.5904983747305905,2.106823519830729,-0.8264062062577516,-0.133604188518969
24,Industrial District,410.0,3.5390243902439025,5.0,1.1295926194678456,0.04878048780487805,0.0,0.0,0.17804878048780487,0.0,0.8146341463414634,0.0,0.007317073170731708,3758.0,91.65853658536585,410.0,410.0,409.0,410.0,409.8,3.178048780487805,2.841463414634146,3.2127139364303177,3.1861788617886178,3.3381525433836243,72.78048780487805,56.829268292682926,62.163814180929094,73.75609756097562,79.80837259228339,0.041463414634146344,0.024390243902439025,0.007334963325183374,0.038211382113821135,0.024393821933329358,0.12060301507537688,0.6873041426091843,0.7263697512646394,179.8862464703462,63.823667597025626,1200.0,45000.0,52.3,8.2,1218.665000509802,-1.3443178983216002,5.883946127098159,-1.396384487689331,-1.5904983747305905,2.106823519830729,-0.8264062062577516,-0.133604188518969
25,Industrial District,410.0,3.8536585365853657,5.0,0.9526946883347399,0.0,0.0,0.0,1.0,0.0,0.0,0.0,0.0,4740.0,115.60975609756098,410.0,410.0,410.0,410.0,409.8,3.5390243902439025,3.178048780487805,2.841463414634146,3.5235772357723576,3.3249818116763072,91.65853658536585,72.78048780487805,56.829268292682926,93.34959349593497,79.80837259228338,0.04878048780487805,0.041463414634146344,0.024390243902439025,0.030081300813008128,0.024393821933329358,0.12562814070351758,0.7098920223913328,0.7043105256526723,179.8862464703462,63.823667597025626,1200.0,45000.0,52.3,8.2,1218.665000509802,-1.3443178983216002,5.883946127098159,-1.396384487689331,-1.5904983747305905,2.106823519830729,-0.8264062062577516,-0.133604188518969
26,Industrial District,410.0,3.995121951219512,5.0,1.0036488976658693,0.0,0.0,0.0,1.0,0.0,0.0,0.0,0.0,4914.0,119.85365853658537,410.0,410.0,410.0,410.0,410.0,3.8536585365853657,3.5390243902439025,3.178048780487805,3.795934959349594,3.4814634146341463,115.60975609756098,91.65853658536585,72.78048780487805,109.04065040650407,91.34634146341463,0.0,0.04878048780487805,0.041463414634146344,0.016260162601626018,0.022926829268292682,0.1306532663316583,0.7317722663670768,0.6815492279916338,179.8862464703462,63.823667597025626,1200.0,45000.0,52.3,8.2,1218.665000509802,-1.3443178983216002,5.883946127098159,-1.396384487689331,-1.5904983747305905,2.106823519830729,-0.8264062062577516,-0.133604188518969
27,Industrial District,410.0,3.9609756097560975,5.0,0.9980122172156661,0.0024390243902439024,0.0,0.0,1.0,0.0,0.0,0.0,0.0,4872.0,118.82926829268293,410.0,410.0,410.0,410.0,410.0,3.995121951219512,3.8536585365853657,3.5390243902439025,3.936585365853659,3.7053658536585368,119.85365853658537,115.60975609756098,91.65853658536585,118.09756097560977,103.74634146341464,0.0,0.0,0.04878048780487805,0.0008130081300813008,0.018536585365853658,0.135678391959799,0.752923063833377,0.6581085472380377,179.8862464703462,63.823667597025626,1200.0,45000.0,52.3,8.2,1218.665000509802,-1.3443178983216002,5.883946127098159,-1.396384487689331,-1.5904983747305905,2.106823519830729,-0.8264062062577516,-0.133604188518969
28,Industrial District,174.0,3.9827586206896552,5.0,0.9764518636252774,0.0,0.0,0.0,1.0,0.0,0.0,0.0,0.0,2079.0,119.48275862068967,410.0,410.0,410.0,331.3333333333333,362.8,3.9609756097560975,3.995121951219512,3.8536585365853657,3.979618727221755,3.866307821698906,118.82926829268293,119.85365853658537,115.60975609756098,119.38856181665265,113.08679562657696,0.0024390243902439024,0.0,0.0,0.0008130081300813008,0.01024390243902439,0.1407035175879397,0.773323331215339,0.6340118495722387,179.8862464703462,63.823667597025626,1200.0,45000.0,52.3,8.2,1218.665000509802,-1.3443178983216002,5.883946127098159,-1.396384487689331,-1.5904983747305905,2.106823519830729,-0.8264062062577516,-0.133604188518969
139,Interbay,201.0,2.3482587064676617,5.0,1.614964226457143,0.0,0.7164179104477612,0.2835820895522388,0.0,0.0,0.0,0.0,0.0,560.0,27.860696517412936,351.62311557788945,345.92763157894734,346.39285714285717,201.0,201.0,2.605501029054099,2.5432030294325,2.5560460313609203,2.3482587064676617,2.3482587064676617,44.08319514118346,39.08401388259955,38.59504213350835,27.860696517412936,27.860696517412936,0.00680095331825695,0.004516931374460902,0.002911111733831185,0.0,0.0,0.6984924623115578,-0.9480868435005096,-0.3180115362392379,60.362958087906605,10.55282942019403,3500.0,72000.0,24.1,9.5,210.7636188501414,-1.7625024070570972,0.5581290331964726,-1.0401396397208071,-0.823650944056913,-0.10244851211991525,-0.4772495841138513,-1.2255312603850974
140,Interbay,410.0,3.8268292682926828,5.0,0.9723624321135464,0.007317073170731708,0.0,0.3780487804878049,0.08536585365853659,0.28780487804878047,0.23170731707317074,0.012195121951219513,0.004878048780487805,4133.0,100.80487804878048,201.0,345.92763157894734,346.39285714285717,305.5,305.5,2.3482587064676617,2.5432030294325,2.5560460313609203,3.0875439873801724,3.0875439873801724,27.860696517412936,39.08401388259955,38.59504213350835,64.3327872830967,64.3327872830967,0.0,0.004516931374460902,0.002911111733831185,0.003658536585365854,0.003658536585365854,0.7035175879396985,-0.9576534697159295,-0.28792330913116665,60.362958087906605,10.55282942019403,3500.0,72000.0,24.1,9.5,210.7636188501414,-1.7625024070570972,0.5581290331964726,-1.0401396397208071,-0.823650944056913,-0.10244851211991525,-0.4772495841138513,-1.2255312603850974
141,Interbay,26.0,3.076923076923077,4.0,0.39223227027636803,0.0,0.0,0.0,1.0,0.0,0.0,0.0,0.0,240.0,92.30769230769229,410.0,201.0,346.39285714285717,212.33333333333334,212.33333333333334,3.8268292682926828,2.3482587064676617,2.5560460313609203,3.084003683894474,3.084003683894474,100.80487804878048,27.860696517412936,38.59504213350835,73.65775562462856,73.65775562462856,0.007317073170731708,0.0,0.002911111733831185,0.0024390243902439024,0.0024390243902439024,0.7085427135678392,-0.9662654861260217,-0.25754807380689737,60.362958087906605,10.55282942019403,3500.0,72000.0,24.1,9.5,210.7636188501414,-1.7625024070570972,0.5581290331964726,-1.0401396397208071,-0.823650944056913,-0.10244851211991525,-0.4772495841138513,-1.2255312603850974
47,International District,175.0,1.542857142857143,5.0,0.7857516038308954,0.0,1.0,0.0,0.0,0.0,0.0,0.0,0.0,-270.0,-15.428571428571429,351.62311557788945,345.92763157894734,346.39285714285717,175.0,175.0,2.605501029054099,2.5432030294325,2.5560460313609203,1.542857142857143,1.542857142857143,44.08319514118346,39.08401388259955,38.59504213350835,-15.428571428571429,-15.428571428571429,0.00680095331825695,0.004516931374460902,0.002911111733831185,0.0,0.0,0.23618090452261306,0.9962328222710067,0.08671887816355095,763.1903759313187,0.592250654954114,,,,,1463.1110833916473,0.6965291543592357,-0.43769199137566334,0.0,0.0,0.0,0.0,0.13122062506626392
48,International District,277.0,2.4512635379061374,5.0,1.2256203069539409,0.010830324909747292,0.35379061371841153,0.05054151624548736,0.09025270758122744,0.18772563176895307,0.30685920577617326,0.0,0.010830324909747292,1286.0,46.4259927797834,175.0,345.92763157894734,346.39285714285717,226.0,226.0,1.542857142857143,2.5432030294325,2.5560460313609203,1.99706034038164,1.99706034038164,-15.428571428571429,39.08401388259955,38.59504213350835,15.498710675605984,15.498710675605984,0.0,0.004516931374460902,0.002911111733831185,0.005415162454873646,0.005415162454873646,0.24120603015075376,0.9984738782203788,0.05522603110450817,763.1903759313187,0.592250654954114,,,,,1463.1110833916473,0.6965291543592357,-0.43769199137566334,0.0,0.0,0.0,0.0,0.13122062506626392
52,Laurelhurst,145.0,1.2137931034482758,3.0,0.5424508028966484,0.0,1.0,0.0,0.0,0.0,0.0,0.0,0.0,-176.0,-12.137931034482758,351.62311557788945,345.92763157894734,346.39285714285717,145.0,145.0,2.605501029054099,2.5432030294325,2.5560460313609203,1.2137931034482758,1.2137931034482758,44.08319514118346,39.08401388259955,38.59504213350835,-12.137931034482758,-12.137931034482758,0.00680095331825695,0.004516931374460902,0.002911111733831185,0.0,0.0,0.2613065326633166,0.9974776464163387,-0.070981299648016,423.2672879251231,2.364935889345361,8500.0,185000.0,12.4,15.8,550.9213158250369,-0.4927835853545821,-0.26046562050293937,-0.2656943180501031,2.3857475620958857,-1.0190613764398637,1.2148171231988953,-0.8570156448802227
53,Laurelhurst,410.0,1.7341463414634146,5.0,1.0301351197002668,0.004878048780487805,0.8585365853658536,0.11463414634146342,0.0,0.024390243902439025,0.0,0.0024390243902439024,0.0,25.5,0.6219512195121951,145.0,345.92763157894734,346.39285714285717,277.5,277.5,1.2137931034482758,2.5432030294325,2.5560460313609203,1.4739697224558452,1.4739697224558452,-12.137931034482758,39.08401388259955,38.59504213350835,-5.757989907485282,-5.757989907485282,0.0,0.004516931374460902,0.002911111733831185,0.0024390243902439024,0.0024390243902439024,0.2663316582914573,0.994739716020657,-0.10243484451661307,423.2672879251231,2.364935889345361,8500.0,185000.0,12.4,15.8,550.9213158250369,-0.4927835853545821,-0.26046562050293937,-0.2656943180501031,2.3857475620958857,-1.0190613764398637,1.2148171231988953,-0.8570156448802227
54,Laurelhurst,410.0,3.0682926829268293,5.0,1.3632334322851223,0.00975609756097561,0.0,0.0,0.47804878048780486,0.32682926829268294,0.1926829268292683,0.0,0.0024390243902439024,3388.5,82.64634146341463,410.0,145.0,346.39285714285717,321.6666666666667,321.6666666666667,1.7341463414634146,1.2137931034482758,2.5560460313609203,2.0054107092795066,2.0054107092795066,0.6219512195121951,-12.137931034482758,38.59504213350835,23.710120549481356,23.710120549481356,0.004878048780487805,0.0,0.002911111733831185,0.004878048780487805,0.004878048780487805,0.271356783919598,0.9910102074427921,-0.13378628010447904,423.2672879251231,2.364935889345361,8500.0,185000.0,12.4,15.8,550.9213158250369,-0.4927835853545821,-0.26046562050293937,-0.2656943180501031,2.3857475620958857,-1.0190613764398637,1.2148171231988953,-0.8570156448802227
55,Laurelhurst,36.0,3.888888888888889,5.0,0.8544932592822077,0.0,0.0,0.0,1.0,0.0,0.0,0.0,0.0,420.0,116.66666666666666,410.0,410.0,145.0,285.3333333333333,250.25,3.0682926829268293,1.7341463414634146,1.2137931034482758,2.897109304426378,2.476280254181852,82.64634146341463,0.6219512195121951,-12.137931034482758,66.6449864498645,46.94925707877768,0.00975609756097561,0.004878048780487805,0.0,0.004878048780487805,0.003658536585365854,0.27638190954773867,0.9862928383380027,-0.1650043546187991,423.2672879251231,2.364935889345361,8500.0,185000.0,12.4,15.8,550.9213158250369,-0.4927835853545821,-0.26046562050293937,-0.2656943180501031,2.3857475620958857,-1.0190613764398637,1.2148171231988953,-0.8570156448802227
164,Lawton Park,249.0,1.4176706827309238,4.0,0.6616275417605167,0.0,1.0,0.0,0.0,0.0,0.0,0.0,0.0,-353.0,-14.176706827309237,351.62311557788945,345.92763157894734,346.39285714285717,249.0,249.0,2.605501029054099,2.5432030294325,2.5560460313609203,1.4176706827309238,1.4176706827309238,44.08319514118346,39.08401388259955,38.59504213350835,-14.176706827309237,-14.176706827309237,0.00680095331825695,0.004516931374460902,0.002911111733831185,0.0,0.0,0.8241206030150754,-0.8935013957148743,0.4490604144829198,279.9562478126293,4.736454393714666,,,,,536.7036875164396,-0.9941959688062185,-0.023370162249621868,0.0,0.0,0.0,0.0,-0.8724185538655483
165,Lawton Park,410.0,3.124390243902439,5.0,1.643432582792283,0.0,0.3780487804878049,0.5878048780487805,0.0,0.03414634146341464,0.0,0.0,0.0,2949.0,71.92682926829268,249.0,345.92763157894734,346.39285714285717,329.5,329.5,1.4176706827309238,2.5432030294325,2.5560460313609203,2.2710304633166816,2.2710304633166816,-14.176706827309237,39.08401388259955,38.59504213350835,28.87506122049172,28.87506122049172,0.0,0.004516931374460902,0.002911111733831185,0.0,0.0,0.8291457286432161,-0.8788798788614604,0.47704314116488955,279.9562478126293,4.736454393714666,,,,,536.7036875164396,-0.9941959688062185,-0.023370162249621868,0.0,0.0,0.0,0.0,-0.8724185538655483
166,Lawton Park,410.0,2.9390243902439024,5.0,1.0961988221095524,0.026829268292682926,0.0,0.0,0.24878048780487805,0.2975609756097561,0.4195121951219512,0.0,0.03414634146341464,2974.0,72.53658536585365,410.0,249.0,346.39285714285717,356.3333333333333,356.3333333333333,3.124390243902439,1.4176706827309238,2.5560460313609203,2.493695105625755,2.493695105625755,71.92682926829268,-14.176706827309237,38.59504213350835,43.42890260227903,43.42890260227903,0.0,0.0,0.002911111733831185,0.00894308943089431,0.00894308943089431,0.8341708542713567,-0.8633822754312237,0.5045503408691769,279.9562478126293,4.736454393714666,,,,,536.7036875164396,-0.9941959688062185,-0.023370162249621868,0.0,0.0,0.0,0.0,-0.8724185538655483
167,Lawton Park,257.0,3.198443579766537,5.0,1.160683017922372,0.0,0.0,0.0,1.0,0.0,0.0,0.0,0.0,2466.0,95.95330739299611,410.0,410.0,249.0,359.0,331.5,2.9390243902439024,3.124390243902439,1.4176706827309238,3.087286071304293,2.6698822241609506,72.53658536585365,71.92682926829268,-14.176706827309237,80.13890734238082,56.560003799958295,0.026829268292682926,0.0,0.0,0.00894308943089431,0.006707317073170732,0.8391959798994975,-0.847024033772299,0.5315545938209012,279.9562478126293,4.736454393714666,,,,,536.7036875164396,-0.9941959688062185,-0.023370162249621868,0.0,0.0,0.0,0.0,-0.8724185538655483
167,Leschi,153.0,1.8496732026143792,5.0,0.6152795880315131,0.0,1.0,0.0,0.0,0.0,0.0,0.0,0.0,-283.0,-18.496732026143793,351.62311557788945,345.92763157894734,346.39285714285717,153.0,153.0,2.605501029054099,2.5432030294325,2.5560460313609203,1.8496732026143792,1.8496732026143792,44.08319514118346,39.08401388259955,38.59504213350835,-18.496732026143793,-18.496732026143793,0.00680095331825695,0.004516931374460902,0.002911111733831185,0.0,0.0,0.8391959798994975,-0.847024033772299,0.5315545938209012,1109.9214820014256,1.5037099714390934,6200.0,125000.0,28.3,13.2,2385.7616633922203,1.9096615841773747,-0.3465677332587176,-0.621939166018627,0.6816421605988245,0.22659200327698925,0.5165038789110948,1.130789793744915
168,Leschi,410.0,1.9951219512195122,5.0,1.0489140313859078,0.004878048780487805,0.8585365853658536,0.14146341463414633,0.0,0.0,0.0,0.0,0.0,94.0,2.2926829268292686,153.0,345.92763157894734,346.39285714285717,281.5,281.5,1.8496732026143792,2.5432030294325,2.5560460313609203,1.9223975769169457,1.9223975769169457,-18.496732026143793,39.08401388259955,38.59504213350835,-8.102024549657262,-8.102024549657262,0.0,0.004516931374460902,0.002911111733831185,0.0024390243902439024,0.0024390243902439024,0.8442211055276382,-0.8298214601357258,0.5580289815934403,1109.9214820014256,1.5037099714390934,6200.0,125000.0,28.3,13.2,2385.7616633922203,1.9096615841773747,-0.3465677332587176,-0.621939166018627,0.6816421605988245,0.22659200327698925,0.5165038789110948,1.130789793744915
169,Leschi,410.0,3.419512195121951,5.0,0.9534955666884015,0.004878048780487805,0.0,0.4609756097560976,0.0,0.5365853658536586,0.0,0.0024390243902439024,0.0,3545.5,86.47560975609757,410.0,153.0,346.39285714285717,324.3333333333333,324.3333333333333,1.9951219512195122,1.8496732026143792,2.5560460313609203,2.421435782985281,2.421435782985281,2.2926829268292686,-18.496732026143793,38.59504213350835,23.42385355226101,23.42385355226101,0.004878048780487805,0.0,0.002911111733831185,0.0032520325203252032,0.0032520325203252032,0.8492462311557789,-0.8117917024210209,0.5839471139413059,1109.9214820014256,1.5037099714390934,6200.0,125000.0,28.3,13.2,2385.7616633922203,1.9096615841773747,-0.3465677332587176,-0.621939166018627,0.6816421605988245,0.22659200327698925,0.5165038789110948,1.130789793744915
170,Leschi,410.0,2.7487804878048783,5.0,0.9105794794368033,0.024390243902439025,0.0,0.0,0.0,0.5365853658536586,0.4634146341463415,0.0,0.0,2541.5,61.987804878048784,410.0,410.0,153.0,410.0,345.75,3.419512195121951,1.9951219512195122,1.8496732026143792,2.721138211382114,2.5032719591901804,86.47560975609757,2.2926829268292686,-18.496732026143793,50.25203252032521,33.06484138370796,0.004878048780487805,0.004878048780487805,0.0,0.011382113821138212,0.00853658536585366,0.8542713567839196,-0.7929527330827786,0.6092831551065166,1109.9214820014256,1.5037099714390934,6200.0,125000.0,28.3,13.2,2385.7616633922203,1.9096615841773747,-0.3465677332587176,-0.621939166018627,0.6816421605988245,0.22659200327698925,0.5165038789110948,1.130789793744915
171,Leschi,286.0,3.5034965034965033,5.0,0.972420570871677,0.0034965034965034965,0.0,0.0,0.8636363636363636,0.0,0.1258741258741259,0.0,0.01048951048951049,2933.0,102.55244755244755,410.0,410.0,410.0,368.6666666666667,333.8,2.7487804878048783,3.419512195121951,1.9951219512195122,3.2239297288077773,2.703316868051445,61.987804878048784,86.47560975609757,2.2926829268292686,83.67195406219797,46.962362617455874,0.024390243902439025,0.004878048780487805,0.004878048780487805,0.010921598726476777,0.0075285689919836266,0.8592964824120602,-0.7733233312153395,0.6340118495722382,1109.9214820014256,1.5037099714390934,6200.0,125000.0,28.3,13.2,2385.7616633922203,1.9096615841773747,-0.3465677332587176,-0.621939166018627,0.6816421605988245,0.22659200327698925,0.5165038789110948,1.130789793744915
50,Lower Queen Anne,271.0,1.4206642066420665,5.0,0.7404810259474341,0.0,1.0,0.0,0.0,0.0,0.0,0.0,0.0,-385.0,-14.206642066420665,351.62311557788945,345.92763157894734,346.39285714285717,271.0,271.0,2.605501029054099,2.5432030294325,2.5560460313609203,1.4206642066420665,1.4206642066420665,44.08319514118346,39.08401388259955,38.59504213350835,-14.206642066420665,-14.206642066420665,0.00680095331825695,0.004516931374460902,0.002911111733831185,0.0,0.0,0.25125628140703515,0.9999688468941563,-0.007893366909713088,489.96514764814503,1.930749573803041,,,,,939.3114229524024,-0.25942310741379193,-0.3038739275691341,0.0,0.0,0.0,0.0,-0.43624662904752054
51,Lower Queen Anne,410.0,1.8756097560975609,5.0,1.1019610187961053,0.012195121951219513,0.6414634146341464,0.08048780487804878,0.0,0.2780487804878049,0.0,0.0,0.0,724.0,17.658536585365855,271.0,345.92763157894734,346.39285714285717,340.5,340.5,1.4206642066420665,2.5432030294325,2.5560460313609203,1.6481369813698137,1.6481369813698137,-14.206642066420665,39.08401388259955,38.59504213350835,1.725947259472595,1.725947259472595,0.0,0.004516931374460902,0.002911111733831185,0.006097560975609756,0.006097560975609756,0.2562814070351759,0.9992212694012756,-0.0394569990762527,489.96514764814503,1.930749573803041,,,,,939.3114229524024,-0.25942310741379193,-0.3038739275691341,0.0,0.0,0.0,0.0,-0.43624662904752054
52,Lower Queen Anne,265.0,3.177358490566038,5.0,0.7194909578458616,0.05660377358490566,0.0,0.0,0.4830188679245283,0.09433962264150944,0.4226415094339623,0.0,0.0,2273.0,85.77358490566039,410.0,271.0,346.39285714285717,315.3333333333333,315.3333333333333,1.8756097560975609,1.4206642066420665,2.5560460313609203,2.1578774844352218,2.1578774844352218,17.658536585365855,-14.206642066420665,38.59504213350835,29.741826474868528,29.741826474868528,0.012195121951219513,0.0,0.002911111733831185,0.02293296517870839,0.02293296517870839,0.2613065326633166,0.9974776464163387,-0.070981299648016,489.96514764814503,1.930749573803041,,,,,939.3114229524024,-0.25942310741379193,-0.3038739275691341,0.0,0.0,0.0,0.0,-0.43624662904752054
63,Loyal Heights,163.0,1.8650306748466257,5.0,0.8855167802978371,0.0,1.0,0.0,0.0,0.0,0.0,0.0,0.0,-304.0,-18.650306748466257,351.62311557788945,345.92763157894734,346.39285714285717,163.0,163.0,2.605501029054099,2.5432030294325,2.5560460313609203,1.8650306748466257,1.8650306748466257,44.08319514118346,39.08401388259955,38.59504213350835,-18.650306748466257,-18.650306748466257,0.00680095331825695,0.004516931374460902,0.002911111733831185,0.0,0.0,0.3165829145728643,0.9137593681374367,-0.40625585182378887,751.0955841057672,2.809229670165223,9500.0,115000.0,15.8,14.2,1597.8785249961863,0.6542122582440393,-0.21604680725374698,-0.11080525371596225,0.39762459368264763,-0.7526952449280838,0.7850858959448642,0.27722322072876715
64,Loyal Heights,409.0,2.3300733496332517,5.0,1.1906911176891761,0.0,0.7970660146699267,0.20293398533007334,0.0,0.0,0.0,0.0,0.0,299.0,7.310513447432763,163.0,345.92763157894734,346.39285714285717,286.0,286.0,1.8650306748466257,2.5432030294325,2.5560460313609203,2.0975520122399387,2.0975520122399387,-18.650306748466257,39.08401388259955,38.59504213350835,-5.669896650516747,-5.669896650516747,0.0,0.004516931374460902,0.002911111733831185,0.0,0.0,0.32160804020100503,0.9004790324567516,-0.434899427575793,751.0955841057672,2.809229670165223,9500.0,115000.0,15.8,14.2,1597.8785249961863,0.6542122582440393,-0.21604680725374698,-0.11080525371596225,0.39762459368264763,-0.7526952449280838,0.7850858959448642,0.27722322072876715
65,Loyal Heights,410.0,3.402439024390244,5.0,0.6968275315616641,0.0,0.0,1.0,0.0,0.0,0.0,0.0,0.0,4185.0,102.07317073170731,409.0,163.0,346.39285714285717,327.3333333333333,327.3333333333333,2.3300733496332517,1.8650306748466257,2.5560460313609203,2.5325143496233737,2.5325143496233737,7.310513447432763,-18.650306748466257,38.59504213350835,30.244459143557936,30.244459143557936,0.0,0.0,0.002911111733831185,0.0,0.0,0.32663316582914576,0.8863010796932087,-0.4631094861203477,751.0955841057672,2.809229670165223,9500.0,115000.0,15.8,14.2,1597.8785249961863,0.6542122582440393,-0.21604680725374698,-0.11080525371596225,0.39762459368264763,-0.7526952449280838,0.7850858959448642,0.27722322072876715
66,Loyal Heights,410.0,2.5951219512195123,5.0,0.7861736805542293,0.0024390243902439024,0.0,0.4219512195121951,0.0,0.5756097560975609,0.0,0.0024390243902439024,0.0,2645.5,64.52439024390243,410.0,409.0,163.0,409.6666666666667,348.0,3.402439024390244,2.3300733496332517,1.8650306748466257,2.775878108414336,2.5481662500224083,102.07317073170731,7.310513447432763,-18.650306748466257,57.96935814101416,38.814441918644064,0.0,0.0,0.0,0.0008130081300813008,0.0006097560975609756,0.3316582914572864,0.8712396427384597,-0.4908579070575935,751.0955841057672,2.809229670165223,9500.0,115000.0,15.8,14.2,1597.8785249961863,0.6542122582440393,-0.21604680725374698,-0.11080525371596225,0.39762459368264763,-0.7526952449280838,0.7850858959448642,0.27722322072876715
67,Loyal Heights,410.0,3.4609756097560975,5.0,1.1099413074596012,0.02926829268292683,0.0,0.0,0.551219512195122,0.1975609756097561,0.24634146341463414,0.0,0.004878048780487805,3895.0,95.0,410.0,410.0,409.0,410.0,360.4,2.5951219512195123,3.402439024390244,2.3300733496332517,3.1528455284552845,2.730728121969146,64.52439024390243,102.07317073170731,7.310513447432763,87.19918699186991,50.05155353491525,0.0024390243902439024,0.0,0.0,0.01056910569105691,0.006341463414634147,0.33668341708542715,0.8553097351604118,-0.5181170301580775,751.0955841057672,2.809229670165223,9500.0,115000.0,15.8,14.2,1597.8785249961863,0.6542122582440393,-0.21604680725374698,-0.11080525371596225,0.39762459368264763,-0.7526952449280838,0.7850858959448642,0.27722322072876715
68,Loyal Heights,308.0,3.7532467532467533,5.0,0.8334355592501732,0.003246753246753247,0.0,0.0,1.0,0.0,0.0,0.0,0.0,3468.0,112.5974025974026,410.0,410.0,410.0,376.0,389.4,3.4609756097560975,2.5951219512195123,3.402439024390244,3.269781438074121,3.1083713376491717,95.0,64.52439024390243,102.07317073170731,90.70726428043501,76.30109540408903,0.02926829268292683,0.0024390243902439024,0.0,0.011651356773307994,0.006990814063984796,0.3417085427135678,0.8385272362373776,-0.5448596829350701,751.0955841057672,2.809229670165223,9500.0,115000.0,15.8,14.2,1597.8785249961863,0.6542122582440393,-0.21604680725374698,-0.11080525371596225,0.39762459368264763,-0.7526952449280838,0.7850858959448642,0.27722322072876715
48,Madison Park,133.0,2.1503759398496243,5.0,1.2339652799588798,0.0,1.0,0.0,0.0,0.0,0.0,0.0,0.0,-286.0,-21.503759398496243,351.62311557788945,345.92763157894734,346.39285714285717,133.0,133.0,2.605501029054099,2.5432030294325,2.5560460313609203,2.1503759398496243,2.1503759398496243,44.08319514118346,39.08401388259955,38.59504213350835,-21.503759398496243,-21.503759398496243,0.00680095331825695,0.004516931374460902,0.002911111733831185,0.0,0.0,0.24120603015075376,0.9984738782203788,0.05522603110450817,379.3152884944177,1.7953402371495029,,,,,727.1847499633914,-0.6465615271985314,-0.3174116413447163,0.0,0.0,0.0,0.0,-0.666057661273894
49,Madison Park,410.0,2.8268292682926828,5.0,1.24376673538522,0.0024390243902439024,0.15609756097560976,0.15853658536585366,0.08536585365853659,0.4878048780487805,0.10975609756097561,0.0,0.0024390243902439024,2453.0,59.82926829268293,133.0,345.92763157894734,346.39285714285717,271.5,271.5,2.1503759398496243,2.5432030294325,2.5560460313609203,2.4886026040711533,2.4886026040711533,-21.503759398496243,39.08401388259955,38.59504213350835,19.162754447093345,19.162754447093345,0.0,0.004516931374460902,0.002911111733831185,0.0012195121951219512,0.0012195121951219512,0.24623115577889448,0.9997196336934779,0.023678133536623878,379.3152884944177,1.7953402371495029,,,,,727.1847499633914,-0.6465615271985314,-0.3174116413447163,0.0,0.0,0.0,0.0,-0.666057661273894
50,Madison Park,138.0,3.079710144927536,5.0,0.5411746375833613,0.0,0.0,0.0,1.0,0.0,0.0,0.0,0.0,1275.0,92.3913043478261,410.0,133.0,346.39285714285717,227.0,227.0,2.8268292682926828,2.1503759398496243,2.5560460313609203,2.6856384510232814,2.6856384510232814,59.82926829268293,-21.503759398496243,38.59504213350835,43.57227108067093,43.57227108067093,0.0024390243902439024,0.0,0.002911111733831185,0.0008130081300813008,0.0008130081300813008,0.25125628140703515,0.9999688468941563,-0.007893366909713088,379.3152884944177,1.7953402371495029,,,,,727.1847499633914,-0.6465615271985314,-0.3174116413447163,0.0,0.0,0.0,0.0,-0.666057661273894
130,Madrona,24.0,2.2083333333333335,4.0,1.062366786192884,0.0,1.0,0.0,0.0,0.0,0.0,0.0,0.0,-53.0,-22.083333333333336,351.62311557788945,345.92763157894734,346.39285714285717,24.0,24.0,2.605501029054099,2.5432030294325,2.5560460313609203,2.2083333333333335,2.2083333333333335,44.08319514118346,39.08401388259955,38.59504213350835,-22.083333333333336,-22.083333333333336,0.00680095331825695,0.004516931374460902,0.002911111733831185,0.0,0.0,0.6532663316582915,-0.8209088751292625,-0.571059207730695,1332.1357720240874,1.056949321209686,7800.0,142000.0,32.5,11.8,2570.9258823187192,2.6871382999266618,-0.39123317478933795,-0.37411666308400165,1.1644720243563251,0.5556325186738937,0.14048905506381823,1.3313905936504191
131,Madrona,410.0,2.5341463414634147,5.0,1.2010813701616634,0.0,0.6609756097560976,0.1902439024390244,0.0,0.14390243902439023,0.0,0.004878048780487805,0.0,698.0,17.024390243902438,24.0,345.92763157894734,346.39285714285717,217.0,217.0,2.2083333333333335,2.5432030294325,2.5560460313609203,2.371239837398374,2.371239837398374,-22.083333333333336,39.08401388259955,38.59504213350835,-2.5294715447154488,-2.5294715447154488,0.0,0.004516931374460902,0.002911111733831185,0.0,0.0,0.6582914572864321,-0.838527236237377,-0.544859682935071,1332.1357720240874,1.056949321209686,7800.0,142000.0,32.5,11.8,2570.9258823187192,2.6871382999266618,-0.39123317478933795,-0.37411666308400165,1.1644720243563251,0.5556325186738937,0.14048905506381823,1.3313905936504191
132,Madrona,410.0,2.4560975609756097,5.0,0.9351983643477106,0.00975609756097561,0.0,0.0,0.0,0.9804878048780488,0.01951219512195122,0.0,0.0,2028.0,49.46341463414634,410.0,24.0,346.39285714285717,281.3333333333333,281.3333333333333,2.5341463414634147,2.2083333333333335,2.5560460313609203,2.3995257452574528,2.3995257452574528,17.024390243902438,-22.083333333333336,38.59504213350835,14.801490514905147,14.801490514905147,0.0,0.0,0.002911111733831185,0.0032520325203252032,0.0032520325203252032,0.6633165829145728,-0.8553097351604116,-0.5181170301580778,1332.1357720240874,1.056949321209686,7800.0,142000.0,32.5,11.8,2570.9258823187192,2.6871382999266618,-0.39123317478933795,-0.37411666308400165,1.1644720243563251,0.5556325186738937,0.14048905506381823,1.3313905936504191
133,Madrona,410.0,3.1097560975609757,5.0,0.8215629680902742,0.01707317073170732,0.0,0.0,0.6829268292682927,0.0,0.3121951219512195,0.0,0.004878048780487805,3628.0,88.48780487804879,410.0,410.0,24.0,410.0,313.5,2.4560975609756097,2.5341463414634147,2.2083333333333335,2.6999999999999997,2.5770833333333334,49.46341463414634,17.024390243902438,-22.083333333333336,51.65853658536586,33.22306910569106,0.00975609756097561,0.0,0.0,0.00894308943089431,0.0067073170731707325,0.6683417085427136,-0.8712396427384596,-0.49085790705759375,1332.1357720240874,1.056949321209686,7800.0,142000.0,32.5,11.8,2570.9258823187192,2.6871382999266618,-0.39123317478933795,-0.37411666308400165,1.1644720243563251,0.5556325186738937,0.14048905506381823,1.3313905936504191
134,Madrona,154.0,3.175324675324675,5.0,0.6776846094199462,0.0,0.0,0.0,1.0,0.0,0.0,0.0,0.0,1467.0,95.25974025974025,410.0,410.0,410.0,324.6666666666667,281.6,3.1097560975609757,2.4560975609756097,2.5341463414634147,2.9137261112870867,2.6967316017316016,88.48780487804879,49.46341463414634,17.024390243902438,77.73698659064513,45.6304033365009,0.01707317073170732,0.00975609756097561,0.0,0.00894308943089431,0.005365853658536586,0.6733668341708543,-0.8863010796932088,-0.4631094861203475,1332.1357720240874,1.056949321209686,7800.0,142000.0,32.5,11.8,2570.9258823187192,2.6871382999266618,-0.39123317478933795,-0.37411666308400165,1.1644720243563251,0.5556325186738937,0.14048905506381823,1.3313905936504191
75,Mann,321.0,1.1806853582554517,4.0,0.5108823532049227,0.003115264797507788,1.0,0.0,0.0,0.0,0.0,0.0,0.0,-379.0,-11.806853582554517,351.62311557788945,345.92763157894734,346.39285714285717,321.0,321.0,2.605501029054099,2.5432030294325,2.5560460313609203,1.1806853582554517,1.1806853582554517,44.08319514118346,39.08401388259955,38.59504213350835,-11.806853582554517,-11.806853582554517,0.00680095331825695,0.004516931374460902,0.002911111733831185,0.003115264797507788,0.003115264797507788,0.3768844221105528,0.6986851459933066,-0.7154292884473712,807.314420356359,0.8286734178545885,,,,,1547.7012203722943,0.8509090420867867,-0.41405533696705227,0.0,0.0,0.0,0.0,0.22286278595896725
76,Mann,348.0,2.92816091954023,5.0,0.5506193080934063,0.0,0.04885057471264368,0.03735632183908046,0.5488505747126436,0.2672413793103448,0.08333333333333333,0.011494252873563218,0.0028735632183908046,2642.0,75.91954022988506,321.0,345.92763157894734,346.39285714285717,334.5,334.5,1.1806853582554517,2.5432030294325,2.5560460313609203,2.0544231388978407,2.0544231388978407,-11.806853582554517,39.08401388259955,38.59504213350835,32.056343323665274,32.056343323665274,0.003115264797507788,0.004516931374460902,0.002911111733831185,0.001557632398753894,0.001557632398753894,0.38190954773869346,0.6757518486236088,-0.7371291875117789,807.314420356359,0.8286734178545885,,,,,1547.7012203722943,0.8509090420867867,-0.41405533696705227,0.0,0.0,0.0,0.0,0.22286278595896725
195,Minor,213.0,1.7230046948356808,4.0,0.8919378864999966,0.018779342723004695,1.0,0.0,0.0,0.0,0.0,0.0,0.0,-367.0,-17.230046948356808,351.62311557788945,345.92763157894734,346.39285714285717,213.0,213.0,2.605501029054099,2.5432030294325,2.5560460313609203,1.7230046948356808,1.7230046948356808,44.08319514118346,39.08401388259955,38.59504213350835,-17.230046948356808,-17.230046948356808,0.00680095331825695,0.004516931374460902,0.002911111733831185,0.018779342723004695,0.018779342723004695,0.9798994974874372,-0.12595970506771748,0.9920353585932579,976.131292203964,1.4342332954402082,,,,,1871.3397829816925,1.441560467221322,-0.3535137487772656,0.0,0.0,0.0,0.0,0.5734821168216095
196,Minor,410.0,1.553658536585366,4.0,0.7869962582512834,0.0,1.0,0.0,0.0,0.0,0.0,0.0,0.0,-637.0,-15.536585365853659,213.0,345.92763157894734,346.39285714285717,311.5,311.5,1.7230046948356808,2.5432030294325,2.5560460313609203,1.6383316157105234,1.6383316157105234,-17.230046948356808,39.08401388259955,38.59504213350835,-16.383316157105234,-16.383316157105234,0.018779342723004695,0.004516931374460902,0.002911111733831185,0.009389671361502348,0.009389671361502348,0.9849246231155779,-0.0945798077948445,0.995517282601106,976.131292203964,1.4342332954402082,,,,,1871.3397829816925,1.441560467221322,-0.3535137487772656,0.0,0.0,0.0,0.0,0.5734821168216095
197,Minor,410.0,2.7195121951219514,5.0,1.106486655997177,0.00975609756097561,0.275609756097561,0.007317073170731708,0.0,0.6390243902439025,0.07073170731707316,0.007317073170731708,0.0,1737.0,42.36585365853658,410.0,213.0,346.39285714285717,344.3333333333333,344.3333333333333,1.553658536585366,1.7230046948356808,2.5560460313609203,1.9987251421809995,1.9987251421809995,-15.536585365853659,-17.230046948356808,38.59504213350835,3.1997404481087037,3.1997404481087037,0.0,0.018779342723004695,0.002911111733831185,0.009511813427993435,0.009511813427993435,0.9899497487437185,-0.06310563131267372,0.9980068533314933,976.131292203964,1.4342332954402082,,,,,1871.3397829816925,1.441560467221322,-0.3535137487772656,0.0,0.0,0.0,0.0,0.5734821168216095
198,Minor,367.0,3.1525885558583107,5.0,0.6083549458065193,0.01907356948228883,0.0,0.0,0.8474114441416893,0.0,0.14986376021798364,0.0,0.0027247956403269754,3375.0,91.96185286103542,410.0,410.0,213.0,395.6666666666667,350.0,2.7195121951219514,1.553658536585366,1.7230046948356808,2.475253095855209,2.2871909956003273,42.36585365853658,-15.536585365853659,-17.230046948356808,39.59704038457278,25.390268551340384,0.00975609756097561,0.0,0.018779342723004695,0.00960988901442148,0.011902252441567283,0.9949748743718593,-0.03156854976481113,0.9995015891261737,976.131292203964,1.4342332954402082,,,,,1871.3397829816925,1.441560467221322,-0.3535137487772656,0.0,0.0,0.0,0.0,0.5734821168216095
149,Montlake,151.0,1.5827814569536425,4.0,0.7861943431835815,0.0,1.0,0.0,0.0,0.0,0.0,0.0,0.0,-239.0,-15.827814569536425,351.62311557788945,345.92763157894734,346.39285714285717,151.0,151.0,2.605501029054099,2.5432030294325,2.5560460313609203,1.5827814569536425,1.5827814569536425,44.08319514118346,39.08401388259955,38.59504213350835,-15.827814569536425,-15.827814569536425,0.00680095331825695,0.004516931374460902,0.002911111733831185,0.0,0.0,0.7487437185929648,-0.9999688468941563,-0.007893366909712889,416.76470588841767,2.111503175692633,,,,,798.9789698378992,-0.515534625016669,-0.2858028655082679,0.0,0.0,0.0,0.0,-0.588278174400489
150,Montlake,409.0,2.941320293398533,5.0,1.4438779542158338,0.0,0.5574572127139364,0.3863080684596577,0.0,0.05134474327628362,0.0,0.004889975550122249,0.0,1757.0,42.95843520782397,151.0,345.92763157894734,346.39285714285717,280.0,280.0,1.5827814569536425,2.5432030294325,2.5560460313609203,2.262050875176088,2.262050875176088,-15.827814569536425,39.08401388259955,38.59504213350835,13.565310319143771,13.565310319143771,0.0,0.004516931374460902,0.002911111733831185,0.0,0.0,0.7537688442211056,-0.9997196336934779,0.023678133536623857,416.76470588841767,2.111503175692633,,,,,798.9789698378992,-0.515534625016669,-0.2858028655082679,0.0,0.0,0.0,0.0,-0.588278174400489
151,Montlake,320.0,2.99375,5.0,0.7125993303692006,0.003125,0.0,0.0,0.559375,0.28125,0.159375,0.0,0.0,2550.0,79.6875,409.0,151.0,346.39285714285717,293.3333333333333,293.3333333333333,2.941320293398533,1.5827814569536425,2.5560460313609203,2.505950583450725,2.505950583450725,42.95843520782397,-15.827814569536425,38.59504213350835,35.606040212762515,35.606040212762515,0.0,0.0,0.002911111733831185,0.0010416666666666667,0.0010416666666666667,0.7587939698492462,-0.9984738782203789,0.055226031104507474,416.76470588841767,2.111503175692633,,,,,798.9789698378992,-0.515534625016669,-0.2858028655082679,0.0,0.0,0.0,0.0,-0.588278174400489
106,Mount Baker,16.0,1.5,3.0,0.7302967433402214,0.0,1.0,0.0,0.0,0.0,0.0,0.0,0.0,-24.0,-15.0,351.62311557788945,345.92763157894734,346.39285714285717,16.0,16.0,2.605501029054099,2.5432030294325,2.5560460313609203,1.5,1.5,44.08319514118346,39.08401388259955,38.59504213350835,-15.0,-15.0,0.00680095331825695,0.004516931374460902,0.002911111733831185,0.0,0.0,0.5326633165829145,-0.20379201629015167,-0.9790142052577147,149.24690771177353,32.99230835327762,11000.0,78000.0,55.8,12.4,619.8922858945548,-1.4515179009331134,2.801543339600979,0.12152834278524897,-0.6532404039072068,2.3810239493281498,0.3016382652840797,-0.7822947736102938
107,Mount Baker,409.0,1.5745721271393642,5.0,0.7637233839305799,0.0,1.0,0.0,0.0,0.0,0.0,0.0,0.0,-644.0,-15.745721271393641,16.0,345.92763157894734,346.39285714285717,212.5,212.5,1.5,2.5432030294325,2.5560460313609203,1.5372860635696821,1.5372860635696821,-15.0,39.08401388259955,38.59504213350835,-15.37286063569682,-15.37286063569682,0.0,0.004516931374460902,0.002911111733831185,0.0,0.0,0.5376884422110553,-0.23459650279236863,-0.972092835524257,149.24690771177353,32.99230835327762,11000.0,78000.0,55.8,12.4,619.8922858945548,-1.4515179009331134,2.801543339600979,0.12152834278524897,-0.6532404039072068,2.3810239493281498,0.3016382652840797,-0.7822947736102938
108,Mount Baker,410.0,1.6219512195121952,5.0,0.7172387268250912,0.0024390243902439024,1.0,0.0,0.0,0.0,0.0,0.0,0.0,-665.0,-16.21951219512195,409.0,16.0,346.39285714285717,278.3333333333333,278.3333333333333,1.5745721271393642,1.5,2.5560460313609203,1.5655077822171866,1.5655077822171866,-15.745721271393641,-15.0,38.59504213350835,-15.655077822171863,-15.655077822171863,0.0,0.0,0.002911111733831185,0.0008130081300813008,0.0008130081300813008,0.542713567839196,-0.2651671383986785,-0.9642024625116118,149.24690771177353,32.99230835327762,11000.0,78000.0,55.8,12.4,619.8922858945548,-1.4515179009331134,2.801543339600979,0.12152834278524897,-0.6532404039072068,2.3810239493281498,0.3016382652840797,-0.7822947736102938
109,Mount Baker,410.0,1.6926829268292682,5.0,0.7961982539606542,0.0,1.0,0.0,0.0,0.0,0.0,0.0,0.0,-694.0,-16.926829268292682,410.0,409.0,16.0,409.6666666666667,311.25,1.6219512195121952,1.5745721271393642,1.5,1.6297354244936093,1.597301568370207,-16.21951219512195,-15.745721271393641,-15.0,-16.29735424493609,-15.97301568370207,0.0024390243902439024,0.0,0.0,0.0008130081300813008,0.0006097560975609756,0.5477386934673367,-0.29547344963467026,-0.9553509515151948,149.24690771177353,32.99230835327762,11000.0,78000.0,55.8,12.4,619.8922858945548,-1.4515179009331134,2.801543339600979,0.12152834278524897,-0.6532404039072068,2.3810239493281498,0.3016382652840797,-0.7822947736102938
110,Mount Baker,410.0,2.9146341463414633,5.0,1.3157055756009255,0.0024390243902439024,0.33658536585365856,0.6634146341463415,0.0,0.0,0.0,0.0,0.0,2813.0,68.60975609756098,410.0,410.0,409.0,410.0,331.0,1.6926829268292682,1.6219512195121952,1.5745721271393642,2.076422764227642,1.860768083964458,-16.926829268292682,-16.21951219512195,-15.745721271393641,11.821138211382113,0.9435386725505396,0.0,0.0024390243902439024,0.0,0.0016260162601626016,0.000975609756097561,0.5527638190954773,-0.3254852265102114,-0.9455471259136672,149.24690771177353,32.99230835327762,11000.0,78000.0,55.8,12.4,619.8922858945548,-1.4515179009331134,2.801543339600979,0.12152834278524897,-0.6532404039072068,2.3810239493281498,0.3016382652840797,-0.7822947736102938
111,Mount Baker,410.0,3.7,5.0,0.7565524688624109,0.007317073170731708,0.0,1.0,0.0,0.0,0.0,0.0,0.0,4551.0,111.0,410.0,410.0,410.0,410.0,409.8,2.9146341463414633,1.6926829268292682,1.6219512195121952,2.7691056910569105,2.300768083964458,68.60975609756098,-16.926829268292682,-16.21951219512195,54.22764227642276,26.14353867255054,0.0024390243902439024,0.0,0.0024390243902439024,0.0032520325203252032,0.0024390243902439024,0.5577889447236181,-0.355172552633428,-0.9348007583735984,149.24690771177353,32.99230835327762,11000.0,78000.0,55.8,12.4,619.8922858945548,-1.4515179009331134,2.801543339600979,0.12152834278524897,-0.6532404039072068,2.3810239493281498,0.3016382652840797,-0.7822947736102938
112,Mount Baker,410.0,3.94390243902439,5.0,0.7999232177357807,0.0,0.0,1.0,0.0,0.0,0.0,0.0,0.0,4851.0,118.3170731707317,410.0,410.0,410.0,410.0,410.0,3.7,2.9146341463414633,1.6926829268292682,3.5195121951219512,2.774634146341463,111.0,68.60975609756098,-16.926829268292682,99.3089430894309,52.95609756097561,0.007317073170731708,0.0024390243902439024,0.0,0.0032520325203252037,0.0024390243902439024,0.5628140703517588,-0.38450583503201075,-0.9231225611078607,149.24690771177353,32.99230835327762,11000.0,78000.0,55.8,12.4,619.8922858945548,-1.4515179009331134,2.801543339600979,0.12152834278524897,-0.6532404039072068,2.3810239493281498,0.3016382652840797,-0.7822947736102938
113,Mount Baker,410.0,3.153658536585366,5.0,0.9054568504664,0.0,0.0,0.4634146341463415,0.0,0.4878048780487805,0.0,0.04878048780487805,0.0,3236.0,78.92682926829268,410.0,410.0,410.0,410.0,410.0,3.94390243902439,3.7,2.9146341463414633,3.5991869918699186,3.0809756097560976,118.3170731707317,111.0,68.60975609756098,102.7479674796748,71.98536585365852,0.0,0.007317073170731708,0.0024390243902439024,0.0024390243902439024,0.001951219512195122,0.5678391959798995,-0.41345583365213395,-0.9105241751974622,149.24690771177353,32.99230835327762,11000.0,78000.0,55.8,12.4,619.8922858945548,-1.4515179009331134,2.801543339600979,0.12152834278524897,-0.6532404039072068,2.3810239493281498,0.3016382652840797,-0.7822947736102938
114,Mount Baker,409.0,2.779951100244499,5.0,0.843364525631206,0.009779951100244499,0.0,0.0,0.0,1.0,0.0,0.0,0.0,2274.0,55.59902200488998,410.0,410.0,410.0,409.6666666666667,409.8,3.153658536585366,3.94390243902439,3.7,3.2925040252847517,3.2984292444391436,78.92682926829268,118.3170731707317,111.0,84.28097481463813,86.49053610829506,0.0,0.0,0.007317073170731708,0.0032599837000814994,0.0039072097322440215,0.5728643216080402,-0.4419936905055793,-0.8970181589874634,149.24690771177353,32.99230835327762,11000.0,78000.0,55.8,12.4,619.8922858945548,-1.4515179009331134,2.801543339600979,0.12152834278524897,-0.6532404039072068,2.3810239493281498,0.3016382652840797,-0.7822947736102938
115,Mount Baker,410.0,2.178048780487805,5.0,0.7267209387364727,0.0,0.0,0.0,0.0,1.0,0.0,0.0,0.0,1786.0,43.5609756097561,409.0,410.0,410.0,409.6666666666667,409.8,2.779951100244499,3.153658536585366,3.94390243902439,2.70388613910589,3.1511121712684123,55.59902200488998,78.92682926829268,118.3170731707317,59.362275627646255,81.4807800107341,0.009779951100244499,0.0,0.0,0.0032599837000814994,0.003419404854195242,0.5778894472361809,-0.47009095843600274,-0.882617975568547,149.24690771177353,32.99230835327762,11000.0,78000.0,55.8,12.4,619.8922858945548,-1.4515179009331134,2.801543339600979,0.12152834278524897,-0.6532404039072068,2.3810239493281498,0.3016382652840797,-0.7822947736102938
116,Mount Baker,410.0,2.819512195121951,5.0,0.9971155250353708,0.07560975609756097,0.0,0.0,0.24146341463414633,0.21707317073170732,0.5317073170731708,0.0,0.00975609756097561,2955.5,72.08536585365854,410.0,409.0,410.0,409.6666666666667,409.8,2.178048780487805,2.779951100244499,3.153658536585366,2.5925040252847515,2.975014610292802,43.5609756097561,55.59902200488998,78.92682926829268,57.081787822768206,73.6978531814658,0.0,0.009779951100244499,0.0,0.028463235732601826,0.017077941439561095,0.5829145728643216,-0.49771962947568277,-0.8673379793567149,149.24690771177353,32.99230835327762,11000.0,78000.0,55.8,12.4,619.8922858945548,-1.4515179009331134,2.801543339600979,0.12152834278524897,-0.6532404039072068,2.3810239493281498,0.3016382652840797,-0.7822947736102938
117,Mount Baker,410.0,3.4317073170731707,5.0,0.7343939584816844,0.007317073170731708,0.0,0.0,1.0,0.0,0.0,0.0,0.0,4221.0,102.95121951219512,410.0,410.0,409.0,410.0,409.8,2.819512195121951,2.178048780487805,2.779951100244499,2.809756097560975,2.8725755859025583,72.08536585365854,43.5609756097561,55.59902200488998,72.8658536585366,70.62468244975848,0.07560975609756097,0.0,0.009779951100244499,0.02764227642276423,0.018541356073707438,0.5879396984924623,-0.5248521627644683,-0.8511934017844947,149.24690771177353,32.99230835327762,11000.0,78000.0,55.8,12.4,619.8922858945548,-1.4515179009331134,2.801543339600979,0.12152834278524897,-0.6532404039072068,2.3810239493281498,0.3016382652840797,-0.7822947736102938
118,Mount Baker,400.0,3.47,5.0,0.7385551158497717,0.005,0.0,0.0,1.0,0.0,0.0,0.0,0.0,4164.0,104.1,410.0,410.0,410.0,406.6666666666667,407.8,3.4317073170731707,2.819512195121951,2.178048780487805,3.2404065040650405,2.935843878585485,102.95121951219512,72.08536585365854,43.5609756097561,93.04552845528455,75.65931659609996,0.007317073170731708,0.07560975609756097,0.0,0.029308943089430894,0.019541356073707435,0.592964824120603,-0.5514615120031073,-0.8342003361179176,149.24690771177353,32.99230835327762,11000.0,78000.0,55.8,12.4,619.8922858945548,-1.4515179009331134,2.801543339600979,0.12152834278524897,-0.6532404039072068,2.3810239493281498,0.3016382652840797,-0.7822947736102938
171,North Beacon Hill,123.0,1.4878048780487805,4.0,0.7055500546723391,0.0,1.0,0.0,0.0,0.0,0.0,0.0,0.0,-183.0,-14.878048780487806,351.62311557788945,345.92763157894734,346.39285714285717,123.0,123.0,2.605501029054099,2.5432030294325,2.5560460313609203,1.4878048780487805,1.4878048780487805,44.08319514118346,39.08401388259955,38.59504213350835,-14.878048780487806,-14.878048780487806,0.00680095331825695,0.004516931374460902,0.002911111733831185,0.0,0.0,0.8592964824120602,-0.7733233312153395,0.6340118495722382,299.8684221646204,13.8293988078658,,,,,574.8772860150754,-0.9245278483760047,0.8857080586341984,0.0,0.0,0.0,0.0,-0.8310625379004034
172,North Beacon Hill,410.0,1.6341463414634145,5.0,0.9132573572310845,0.0,1.0,0.0,0.0,0.0,0.0,0.0,0.0,-670.0,-16.341463414634145,123.0,345.92763157894734,346.39285714285717,266.5,266.5,1.4878048780487805,2.5432030294325,2.5560460313609203,1.5609756097560976,1.5609756097560976,-14.878048780487806,39.08401388259955,38.59504213350835,-15.609756097560975,-15.609756097560975,0.0,0.004516931374460902,0.002911111733831185,0.0,0.0,0.864321608040201,-0.7529230638333771,0.6581085472380375,299.8684221646204,13.8293988078658,,,,,574.8772860150754,-0.9245278483760047,0.8857080586341984,0.0,0.0,0.0,0.0,-0.8310625379004034
173,North Beacon Hill,410.0,1.5853658536585367,4.0,0.8471326513035171,0.0,1.0,0.0,0.0,0.0,0.0,0.0,0.0,-650.0,-15.853658536585368,410.0,123.0,346.39285714285717,314.3333333333333,314.3333333333333,1.6341463414634145,1.4878048780487805,2.5560460313609203,1.5691056910569106,1.5691056910569106,-16.341463414634145,-14.878048780487806,38.59504213350835,-15.691056910569108,-15.691056910569108,0.0,0.0,0.002911111733831185,0.0,0.0,0.8693467336683417,-0.7317722663670767,0.681549227991634,299.8684221646204,13.8293988078658,,,,,574.8772860150754,-0.9245278483760047,0.8857080586341984,0.0,0.0,0.0,0.0,-0.8310625379004034
174,North Beacon Hill,410.0,3.868292682926829,5.0,0.9341232895047791,0.012195121951219513,0.012195121951219513,0.9878048780487805,0.0,0.0,0.0,0.0,0.0,4726.0,115.26829268292684,410.0,410.0,123.0,410.0,338.25,1.5853658536585367,1.6341463414634145,1.4878048780487805,2.3626016260162603,2.14390243902439,-15.853658536585368,-16.341463414634145,-14.878048780487806,27.691056910569106,17.04878048780488,0.0,0.0,0.0,0.0040650406504065045,0.003048780487804878,0.8743718592964824,-0.7098920223913331,0.7043105256526719,299.8684221646204,13.8293988078658,,,,,574.8772860150754,-0.9245278483760047,0.8857080586341984,0.0,0.0,0.0,0.0,-0.8310625379004034
175,North Beacon Hill,410.0,2.9634146341463414,5.0,1.049451154160446,0.00975609756097561,0.0,0.3878048780487805,0.0,0.5829268292682926,0.0,0.02926829268292683,0.0,3010.0,73.41463414634147,410.0,410.0,410.0,410.0,352.6,3.868292682926829,1.5853658536585367,1.6341463414634145,2.8056910569105695,2.3078048780487803,115.26829268292684,-15.853658536585368,-16.341463414634145,57.60975609756098,28.321951219512197,0.012195121951219513,0.0,0.0,0.007317073170731707,0.004390243902439024,0.8793969849246231,-0.6873041426091843,0.7263697512646394,299.8684221646204,13.8293988078658,,,,,574.8772860150754,-0.9245278483760047,0.8857080586341984,0.0,0.0,0.0,0.0,-0.8310625379004034
176,North Beacon Hill,410.0,2.4829268292682927,5.0,0.9967925183839932,0.012195121951219513,0.0,0.0,0.0,1.0,0.0,0.0,0.0,2036.0,49.65853658536585,410.0,410.0,410.0,410.0,410.0,2.9634146341463414,3.868292682926829,1.5853658536585367,3.104878048780488,2.506829268292683,73.41463414634147,115.26829268292684,-15.853658536585368,79.44715447154472,41.22926829268293,0.00975609756097561,0.012195121951219513,0.0,0.011382113821138212,0.006829268292682928,0.8844221105527639,-0.664031143110431,0.7477049157117094,299.8684221646204,13.8293988078658,,,,,574.8772860150754,-0.9245278483760047,0.8857080586341984,0.0,0.0,0.0,0.0,-0.8310625379004034
177,North Beacon Hill,410.0,1.9780487804878049,5.0,0.9208299103395888,0.0024390243902439024,0.0,0.0,0.0,1.0,0.0,0.0,0.0,1622.0,39.5609756097561,410.0,410.0,410.0,410.0,410.0,2.4829268292682927,2.9634146341463414,3.868292682926829,2.4747967479674795,2.575609756097561,49.65853658536585,73.41463414634147,115.26829268292684,54.21138211382114,52.40975609756098,0.012195121951219513,0.00975609756097561,0.012195121951219513,0.008130081300813009,0.007317073170731707,0.8894472361809045,-0.6400962229271073,0.7682947516379706,299.8684221646204,13.8293988078658,,,,,574.8772860150754,-0.9245278483760047,0.8857080586341984,0.0,0.0,0.0,0.0,-0.8310625379004034
178,North Beacon Hill,409.0,1.882640586797066,5.0,0.6537350233845933,0.0,0.0,0.0,0.0,1.0,0.0,0.0,0.0,1540.0,37.65281173594132,410.0,410.0,410.0,409.6666666666667,409.8,1.9780487804878049,2.4829268292682927,2.9634146341463414,2.114538732184388,2.635064702725267,39.5609756097561,49.65853658536585,73.41463414634147,42.29077464368776,63.11105015206632,0.0024390243902439024,0.012195121951219513,0.00975609756097561,0.004878048780487805,0.007317073170731707,0.8944723618090452,-0.6155232409081798,0.788118734647192,299.8684221646204,13.8293988078658,,,,,574.8772860150754,-0.9245278483760047,0.8857080586341984,0.0,0.0,0.0,0.0,-0.8310625379004034
179,North Beacon Hill,410.0,3.3390243902439023,5.0,1.2624689686143478,0.06341463414634146,0.0,0.0,0.32439024390243903,0.16097560975609757,0.5097560975609756,0.0,0.004878048780487805,3615.5,88.1829268292683,409.0,410.0,410.0,409.6666666666667,409.8,1.882640586797066,1.9780487804878049,2.4829268292682927,2.399904585842924,2.5292110441886817,37.65281173594132,39.5609756097561,49.65853658536585,55.13223805832191,57.69397698133461,0.0,0.0024390243902439024,0.012195121951219513,0.021951219512195124,0.017560975609756096,0.8994974874371859,-0.5903366919365287,0.8071571037619851,299.8684221646204,13.8293988078658,,,,,574.8772860150754,-0.9245278483760047,0.8857080586341984,0.0,0.0,0.0,0.0,-0.8310625379004034
180,North Beacon Hill,410.0,3.675609756097561,5.0,0.833081441644899,0.007317073170731708,0.0,0.0,1.0,0.0,0.0,0.0,0.0,4521.0,110.26829268292684,410.0,409.0,410.0,409.6666666666667,409.8,3.3390243902439023,1.882640586797066,1.9780487804878049,2.9657582443795096,2.6716500685789253,88.1829268292683,37.65281173594132,39.5609756097561,78.70134374937882,65.06470868865168,0.06341463414634146,0.0,0.0024390243902439024,0.023577235772357725,0.01707317073170732,0.9045226130653267,-0.5645616825119181,0.8253908811219762,299.8684221646204,13.8293988078658,,,,,574.8772860150754,-0.9245278483760047,0.8857080586341984,0.0,0.0,0.0,0.0,-0.8310625379004034
181,North Beacon Hill,335.0,3.647761194029851,5.0,0.7746658945572517,0.005970149253731343,0.0,0.0,1.0,0.0,0.0,0.0,0.0,3666.0,109.43283582089552,410.0,410.0,409.0,385.0,394.8,3.675609756097561,3.3390243902439023,1.882640586797066,3.5541317801237713,2.904616941531237,110.26829268292684,88.1829268292683,37.65281173594132,102.62801844436355,77.01956853575761,0.007317073170731708,0.06341463414634146,0.0,0.025567285523601505,0.01582817619220968,0.9095477386934674,-0.5382239057242882,0.8428018909013508,299.8684221646204,13.8293988078658,,,,,574.8772860150754,-0.9245278483760047,0.8857080586341984,0.0,0.0,0.0,0.0,-0.8310625379004034
41,North Queen Anne,222.0,1.4054054054054055,4.0,0.6504906380547638,0.0,1.0,0.0,0.0,0.0,0.0,0.0,0.0,-312.0,-14.054054054054054,351.62311557788945,345.92763157894734,346.39285714285717,222.0,222.0,2.605501029054099,2.5432030294325,2.5560460313609203,1.4054054054054055,1.4054054054054055,44.08319514118346,39.08401388259955,38.59504213350835,-14.054054054054054,-14.054054054054054,0.00680095331825695,0.004516931374460902,0.002911111733831185,0.0,0.0,0.20603015075376885,0.9620793630944628,0.2727696814306032,623.1512572318273,2.5708044096973026,15000.0,105000.0,18.5,10.8,1441.5642902690026,0.2065644717467825,-0.23988366380184376,0.7410846001218122,0.11360702676647075,-0.5411691993157881,-0.12809296196995107,0.10787754096038342
42,North Queen Anne,409.0,2.3789731051344742,5.0,1.4821314546236097,0.0,0.6992665036674817,0.30073349633251834,0.0,0.0,0.0,0.0,0.0,1083.0,26.479217603911984,222.0,345.92763157894734,346.39285714285717,315.5,315.5,1.4054054054054055,2.5432030294325,2.5560460313609203,1.89218925526994,1.89218925526994,-14.054054054054054,39.08401388259955,38.59504213350835,6.212581774928965,6.212581774928965,0.0,0.004516931374460902,0.002911111733831185,0.0,0.0,0.21105527638190955,0.9702107955409863,0.24226227980378318,623.1512572318273,2.5708044096973026,15000.0,105000.0,18.5,10.8,1441.5642902690026,0.2065644717467825,-0.23988366380184376,0.7410846001218122,0.11360702676647075,-0.5411691993157881,-0.12809296196995107,0.10787754096038342
43,North Queen Anne,410.0,3.102439024390244,5.0,1.1163352120057122,0.0,0.0,0.4024390243902439,0.0,0.5829268292682926,0.0,0.014634146341463415,0.0,3174.0,77.41463414634146,409.0,222.0,346.39285714285717,347.0,347.0,2.3789731051344742,1.4054054054054055,2.5560460313609203,2.295605844976708,2.295605844976708,26.479217603911984,-14.054054054054054,38.59504213350835,29.94659923206646,29.94659923206646,0.0,0.0,0.002911111733831185,0.0,0.0,0.21608040201005024,0.9773751007667072,0.21151338586781906,623.1512572318273,2.5708044096973026,15000.0,105000.0,18.5,10.8,1441.5642902690026,0.2065644717467825,-0.23988366380184376,0.7410846001218122,0.11360702676647075,-0.5411691993157881,-0.12809296196995107,0.10787754096038342
44,North Queen Anne,410.0,3.1365853658536587,5.0,1.0089467983194693,0.05121951219512195,0.0,0.0,0.3,0.1951219512195122,0.4975609756097561,0.0,0.007317073170731708,3310.0,80.73170731707316,410.0,409.0,222.0,409.6666666666667,362.75,3.102439024390244,2.3789731051344742,1.4054054054054055,2.8726658317927924,2.5058507251959456,77.41463414634146,26.479217603911984,-14.054054054054054,61.541853022442204,42.642876253318136,0.0,0.0,0.0,0.017073170731707315,0.012804878048780487,0.22110552763819097,0.98356513723637,0.18055365078890212,623.1512572318273,2.5708044096973026,15000.0,105000.0,18.5,10.8,1441.5642902690026,0.2065644717467825,-0.23988366380184376,0.7410846001218122,0.11360702676647075,-0.5411691993157881,-0.12809296196995107,0.10787754096038342
45,North Queen Anne,151.0,3.3311258278145695,5.0,0.8142223636053872,0.0,0.0,0.0,1.0,0.0,0.0,0.0,0.0,1509.0,99.93377483443709,410.0,410.0,409.0,323.6666666666667,320.4,3.1365853658536587,3.102439024390244,2.3789731051344742,3.1900500726861574,2.6709057457196703,80.73170731707316,77.41463414634146,26.479217603911984,86.02670543261723,54.101055969541925,0.05121951219512195,0.0,0.0,0.017073170731707315,0.010243902439024389,0.22613065326633167,0.9887747345870026,0.14941393590426094,623.1512572318273,2.5708044096973026,15000.0,105000.0,18.5,10.8,1441.5642902690026,0.2065644717467825,-0.23988366380184376,0.7410846001218122,0.11360702676647075,-0.5411691993157881,-0.12809296196995107,0.10787754096038342
102,Phinney Ridge,158.0,1.6139240506329113,4.0,0.683981259700662,0.0,1.0,0.0,0.0,0.0,0.0,0.0,0.0,-255.0,-16.139240506329113,351.62311557788945,345.92763157894734,346.39285714285717,158.0,158.0,2.605501029054099,2.5432030294325,2.5560460313609203,1.6139240506329113,1.6139240506329113,44.08319514118346,39.08401388259955,38.59504213350835,-16.139240506329113,-16.139240506329113,0.00680095331825695,0.004516931374460902,0.002911111733831185,0.0,0.0,0.5125628140703518,-0.07885254540747635,-0.9968862904477932,405.0154056705885,4.399832636117935,12000.0,98000.0,14.8,12.2,984.808845130516,-0.5566427254218168,-0.05702433350250848,0.2764174071193898,-0.08520527007485307,-0.8310382247844896,0.24792186187732557,-0.3869562243706271
103,Phinney Ridge,410.0,2.0146341463414634,5.0,0.9788873918743365,0.0,0.8853658536585366,0.11463414634146342,0.0,0.0,0.0,0.0,0.0,-62.0,-1.5121951219512195,158.0,345.92763157894734,346.39285714285717,284.0,284.0,1.6139240506329113,2.5432030294325,2.5560460313609203,1.8142790984871873,1.8142790984871873,-16.139240506329113,39.08401388259955,38.59504213350835,-8.825717814140166,-8.825717814140166,0.0,0.004516931374460902,0.002911111733831185,0.0,0.0,0.5175879396984925,-0.11028349891127483,-0.9939001709768879,405.0154056705885,4.399832636117935,12000.0,98000.0,14.8,12.2,984.808845130516,-0.5566427254218168,-0.05702433350250848,0.2764174071193898,-0.08520527007485307,-0.8310382247844896,0.24792186187732557,-0.3869562243706271
104,Phinney Ridge,410.0,3.5853658536585367,5.0,0.7588309679704571,0.0,0.0,0.4609756097560976,0.0,0.5146341463414634,0.012195121951219513,0.012195121951219513,0.0,3701.0,90.26829268292684,410.0,158.0,346.39285714285717,326.0,326.0,2.0146341463414634,1.6139240506329113,2.5560460313609203,2.4046413502109707,2.4046413502109707,-1.5121951219512195,-16.139240506329113,38.59504213350835,24.205619018215504,24.205619018215504,0.0,0.0,0.002911111733831185,0.0,0.0,0.5226130653266332,-0.14160451942495178,-0.9899233102005571,405.0154056705885,4.399832636117935,12000.0,98000.0,14.8,12.2,984.808845130516,-0.5566427254218168,-0.05702433350250848,0.2764174071193898,-0.08520527007485307,-0.8310382247844896,0.24792186187732557,-0.3869562243706271
105,Phinney Ridge,410.0,3.2365853658536587,5.0,0.6671678995142725,0.004878048780487805,0.0,0.0,0.8975609756097561,0.0,0.1,0.0,0.0024390243902439024,3911.5,95.40243902439025,410.0,410.0,158.0,410.0,347.0,3.5853658536585367,2.0146341463414634,1.6139240506329113,2.9455284552845526,2.6126273541216425,90.26829268292684,-1.5121951219512195,-16.139240506329113,61.38617886178863,42.00482401975919,0.0,0.0,0.0,0.0016260162601626016,0.0012195121951219512,0.5276381909547738,-0.1727843854740992,-0.9849596723401105,405.0154056705885,4.399832636117935,12000.0,98000.0,14.8,12.2,984.808845130516,-0.5566427254218168,-0.05702433350250848,0.2764174071193898,-0.08520527007485307,-0.8310382247844896,0.24792186187732557,-0.3869562243706271
106,Phinney Ridge,394.0,3.020304568527919,5.0,0.21304507074178136,0.0,0.0,0.0,1.0,0.0,0.0,0.0,0.0,3570.0,90.60913705583756,410.0,410.0,410.0,404.6666666666667,356.4,3.2365853658536587,3.5853658536585367,2.0146341463414634,3.280751929346705,2.694162797002898,95.40243902439025,90.26829268292684,-1.5121951219512195,92.09328958771822,51.72568662697487,0.004878048780487805,0.0,0.0,0.0016260162601626016,0.000975609756097561,0.5326633165829145,-0.20379201629015167,-0.9790142052577147,405.0154056705885,4.399832636117935,12000.0,98000.0,14.8,12.2,984.808845130516,-0.5566427254218168,-0.05702433350250848,0.2764174071193898,-0.08520527007485307,-0.8310382247844896,0.24792186187732557,-0.3869562243706271
86,Pike-Market,140.0,1.9428571428571428,5.0,1.1921290341742685,0.05,0.5928571428571429,0.03571428571428571,0.06428571428571428,0.15714285714285714,0.15,0.0,0.0,289.5,20.67857142857143,351.62311557788945,345.92763157894734,346.39285714285717,140.0,140.0,2.605501029054099,2.5432030294325,2.5560460313609203,1.9428571428571428,1.9428571428571428,44.08319514118346,39.08401388259955,38.59504213350835,20.67857142857143,20.67857142857143,0.00680095331825695,0.004516931374460902,0.002911111733831185,0.05,0.05,0.4321608040201005,0.4134558336521342,-0.9105241751974622,531.1568531386533,0.2635756258678157,,,,,1018.279977519698,-0.11530279950017287,-0.47055167874224485,0.0,0.0,0.0,0.0,-0.3506947048938096
28,Pioneer Square,235.0,1.348936170212766,5.0,0.5824617446172194,0.0,1.0,0.0,0.0,0.0,0.0,0.0,0.0,-317.0,-13.48936170212766,351.62311557788945,345.92763157894734,346.39285714285717,235.0,235.0,2.605501029054099,2.5432030294325,2.5560460313609203,1.348936170212766,1.348936170212766,44.08319514118346,39.08401388259955,38.59504213350835,-13.48936170212766,-13.48936170212766,0.00680095331825695,0.004516931374460902,0.002911111733831185,0.0,0.0,0.1407035175879397,0.773323331215339,0.6340118495722387,676.169980912081,0.7971368372091092,,,,,1296.2844193651292,0.3920647973826305,-0.4172082451253089,0.0,0.0,0.0,0.0,-0.04951387344162814
29,Pioneer Square,304.0,2.0921052631578947,5.0,1.148138186723964,0.04276315789473684,0.4144736842105263,0.09868421052631579,0.13157894736842105,0.18421052631578946,0.17105263157894737,0.0,0.0,1118.5,36.79276315789474,235.0,345.92763157894734,346.39285714285717,269.5,269.5,1.348936170212766,2.5432030294325,2.5560460313609203,1.7205207166853302,1.7205207166853302,-13.48936170212766,39.08401388259955,38.59504213350835,11.65170072788354,11.65170072788354,0.0,0.004516931374460902,0.002911111733831185,0.02138157894736842,0.02138157894736842,0.1457286432160804,0.7929527330827785,0.6092831551065168,676.169980912081,0.7971368372091092,,,,,1296.2844193651292,0.3920647973826305,-0.4172082451253089,0.0,0.0,0.0,0.0,-0.04951387344162814
33,Portage Bay,32.0,1.625,3.0,0.7513428837969107,0.0,1.0,0.0,0.0,0.0,0.0,0.0,0.0,-52.0,-16.25,351.62311557788945,345.92763157894734,346.39285714285717,32.0,32.0,2.605501029054099,2.5432030294325,2.5560460313609203,1.625,1.625,44.08319514118346,39.08401388259955,38.59504213350835,-16.25,-16.25,0.00680095331825695,0.004516931374460902,0.002911111733831185,0.0,0.0,0.1658291457286432,0.8633822754312233,0.5045503408691775,1146.134173482456,0.2861794086493319,,,,,2197.2520424275062,2.036361466701772,-0.4682918379579675,0.0,0.0,0.0,0.0,0.9265646957500601
34,Portage Bay,296.0,2.4087837837837838,5.0,1.0791351875886892,0.0,0.2905405405405405,0.07432432432432433,0.22972972972972974,0.3885135135135135,0.013513513513513514,0.0033783783783783786,0.0,1418.5,47.9222972972973,32.0,345.92763157894734,346.39285714285717,164.0,164.0,1.625,2.5432030294325,2.5560460313609203,2.016891891891892,2.016891891891892,-16.25,39.08401388259955,38.59504213350835,15.83614864864865,15.83614864864865,0.0,0.004516931374460902,0.002911111733831185,0.0,0.0,0.1708542713567839,0.8788798788614602,0.4770431411648898,1146.134173482456,0.2861794086493319,,,,,2197.2520424275062,2.036361466701772,-0.4682918379579675,0.0,0.0,0.0,0.0,0.9265646957500601
86,Ravenna,267.0,1.7265917602996255,4.0,0.5977438738530447,0.0,1.0,0.0,0.0,0.0,0.0,0.0,0.0,-461.0,-17.265917602996254,351.62311557788945,345.92763157894734,346.39285714285717,267.0,267.0,2.605501029054099,2.5432030294325,2.5560460313609203,1.7265917602996255,1.7265917602996255,44.08319514118346,39.08401388259955,38.59504213350835,-17.265917602996254,-17.265917602996254,0.00680095331825695,0.004516931374460902,0.002911111733831185,0.0,0.0,0.4321608040201005,0.4134558336521342,-0.9105241751974622,574.3173203212676,9.197006277026958,14000.0,115000.0,18.2,14.8,1253.6755805476523,0.035705752973755424,0.42257895890972735,0.5861955357876715,0.39762459368264763,-0.5646720932727098,0.9462351061651262,-0.0956748822984389
87,Ravenna,410.0,1.721951219512195,5.0,0.6338118449724335,0.0,1.0,0.0,0.0,0.0,0.0,0.0,0.0,-706.0,-17.21951219512195,267.0,345.92763157894734,346.39285714285717,338.5,338.5,1.7265917602996255,2.5432030294325,2.5560460313609203,1.7242714899059104,1.7242714899059104,-17.265917602996254,39.08401388259955,38.59504213350835,-17.242714899059102,-17.242714899059102,0.0,0.004516931374460902,0.002911111733831185,0.0,0.0,0.4371859296482412,0.384505835032011,-0.9231225611078606,574.3173203212676,9.197006277026958,14000.0,115000.0,18.2,14.8,1253.6755805476523,0.035705752973755424,0.42257895890972735,0.5861955357876715,0.39762459368264763,-0.5646720932727098,0.9462351061651262,-0.0956748822984389
88,Ravenna,410.0,1.9926829268292683,5.0,0.7988041930458293,0.0,0.9073170731707317,0.09268292682926829,0.0,0.0,0.0,0.0,0.0,-213.0,-5.195121951219512,410.0,267.0,346.39285714285717,362.3333333333333,362.3333333333333,1.721951219512195,1.7265917602996255,2.5560460313609203,1.8137419688803629,1.8137419688803629,-17.21951219512195,-17.265917602996254,38.59504213350835,-13.226850583112572,-13.226850583112572,0.0,0.0,0.002911111733831185,0.0,0.0,0.44221105527638194,0.35517255263342823,-0.9348007583735984,574.3173203212676,9.197006277026958,14000.0,115000.0,18.2,14.8,1253.6755805476523,0.035705752973755424,0.42257895890972735,0.5861955357876715,0.39762459368264763,-0.5646720932727098,0.9462351061651262,-0.0956748822984389
89,Ravenna,410.0,4.034146341463415,5.0,0.8087570094238478,0.0,0.0,1.0,0.0,0.0,0.0,0.0,0.0,4962.0,121.02439024390243,410.0,410.0,267.0,410.0,374.25,1.9926829268292683,1.721951219512195,1.7265917602996255,2.5829268292682923,2.3688430620261256,-5.195121951219512,-17.21951219512195,-17.265917602996254,32.86991869918699,20.33595962364118,0.0,0.0,0.0,0.0,0.0,0.4472361809045226,0.32548522651021206,-0.945547125913667,574.3173203212676,9.197006277026958,14000.0,115000.0,18.2,14.8,1253.6755805476523,0.035705752973755424,0.42257895890972735,0.5861955357876715,0.39762459368264763,-0.5646720932727098,0.9462351061651262,-0.0956748822984389
90,Ravenna,410.0,4.082926829268293,5.0,0.80824069831814,0.0,0.0,1.0,0.0,0.0,0.0,0.0,0.0,5022.0,122.48780487804878,410.0,410.0,410.0,410.0,381.4,4.034146341463415,1.9926829268292683,1.721951219512195,3.3699186991869916,2.711659815474559,121.02439024390243,-5.195121951219512,-17.21951219512195,79.4390243902439,40.7663286745227,0.0,0.0,0.0,0.0,0.0,0.45226130653266333,0.29547344963467004,-0.9553509515151948,574.3173203212676,9.197006277026958,14000.0,115000.0,18.2,14.8,1253.6755805476523,0.035705752973755424,0.42257895890972735,0.5861955357876715,0.39762459368264763,-0.5646720932727098,0.9462351061651262,-0.0956748822984389
91,Ravenna,410.0,4.004878048780488,5.0,0.8303389061268708,0.0,0.0,1.0,0.0,0.0,0.0,0.0,0.0,4926.0,120.14634146341463,410.0,410.0,410.0,410.0,410.0,4.082926829268293,4.034146341463415,1.9926829268292683,4.040650406504065,3.1673170731707314,122.48780487804878,121.02439024390243,-5.195121951219512,121.21951219512194,68.24878048780486,0.0,0.0,0.0,0.0,0.0,0.457286432160804,0.2651671383986787,-0.9642024625116117,574.3173203212676,9.197006277026958,14000.0,115000.0,18.2,14.8,1253.6755805476523,0.035705752973755424,0.42257895890972735,0.5861955357876715,0.39762459368264763,-0.5646720932727098,0.9462351061651262,-0.0956748822984389
92,Ravenna,409.0,4.095354523227384,5.0,0.8303099669172281,0.0,0.0,1.0,0.0,0.0,0.0,0.0,0.0,5025.0,122.8606356968215,410.0,410.0,410.0,409.6666666666667,409.8,4.004878048780488,4.082926829268293,4.034146341463415,4.061053133758722,3.6419977339137697,120.14634146341463,122.48780487804878,121.02439024390243,121.83159401276164,96.26481006619358,0.0,0.0,0.0,0.0,0.0,0.4623115577889447,0.23459650279236888,-0.972092835524257,574.3173203212676,9.197006277026958,14000.0,115000.0,18.2,14.8,1253.6755805476523,0.035705752973755424,0.42257895890972735,0.5861955357876715,0.39762459368264763,-0.5646720932727098,0.9462351061651262,-0.0956748822984389
93,Ravenna,410.0,4.15609756097561,5.0,0.8564579301154297,0.0,0.0,1.0,0.0,0.0,0.0,0.0,0.0,5112.0,124.6829268292683,409.0,410.0,410.0,409.6666666666667,409.8,4.095354523227384,4.004878048780488,4.082926829268293,4.085443377661161,4.074680660743038,122.8606356968215,120.14634146341463,122.48780487804878,122.56330132983481,122.24041982229112,0.0,0.0,0.0,0.0,0.0,0.46733668341708545,0.20379201629015192,-0.9790142052577145,574.3173203212676,9.197006277026958,14000.0,115000.0,18.2,14.8,1253.6755805476523,0.035705752973755424,0.42257895890972735,0.5861955357876715,0.39762459368264763,-0.5646720932727098,0.9462351061651262,-0.0956748822984389
94,Ravenna,410.0,4.168292682926829,5.0,0.8498350262427232,0.0,0.0,1.0,0.0,0.0,0.0,0.0,0.0,5127.0,125.04878048780486,410.0,409.0,410.0,409.6666666666667,409.8,4.15609756097561,4.095354523227384,4.004878048780488,4.139914922376607,4.10150992903572,124.6829268292683,122.8606356968215,120.14634146341463,124.19744767129822,123.04529787107163,0.0,0.0,0.0,0.0,0.0,0.4723618090452261,0.17278438547409986,-0.9849596723401104,574.3173203212676,9.197006277026958,14000.0,115000.0,18.2,14.8,1253.6755805476523,0.035705752973755424,0.42257895890972735,0.5861955357876715,0.39762459368264763,-0.5646720932727098,0.9462351061651262,-0.0956748822984389
95,Ravenna,410.0,3.731707317073171,5.0,0.9720894805196889,0.0,0.0,0.6731707317073171,0.0,0.3170731707317073,0.0,0.00975609756097561,0.0,4174.0,101.80487804878048,410.0,410.0,409.0,410.0,409.8,4.168292682926829,4.15609756097561,4.095354523227384,4.01869918699187,4.031266026596696,125.04878048780486,124.6829268292683,122.8606356968215,117.17886178861788,118.90871250521795,0.0,0.0,0.0,0.0,0.0,0.47738693467336685,0.14160451942495159,-0.9899233102005571,574.3173203212676,9.197006277026958,14000.0,115000.0,18.2,14.8,1253.6755805476523,0.035705752973755424,0.42257895890972735,0.5861955357876715,0.39762459368264763,-0.5646720932727098,0.9462351061651262,-0.0956748822984389
96,Ravenna,410.0,3.292682926829268,5.0,0.9156050663933138,0.01951219512195122,0.0,0.0,0.0,0.7853658536585366,0.2146341463414634,0.0,0.0,2854.5,69.6219512195122,410.0,410.0,410.0,410.0,409.8,3.731707317073171,4.168292682926829,4.15609756097561,3.730894308943089,3.8888270022064524,101.80487804878048,125.04878048780486,124.6829268292683,98.82520325203252,108.80383445643747,0.0,0.0,0.0,0.0065040650406504065,0.003902439024390244,0.4824120603015075,0.11028349891127508,-0.9939001709768878,574.3173203212676,9.197006277026958,14000.0,115000.0,18.2,14.8,1253.6755805476523,0.035705752973755424,0.42257895890972735,0.5861955357876715,0.39762459368264763,-0.5646720932727098,0.9462351061651262,-0.0956748822984389
97,Ravenna,410.0,3.7,5.0,0.8846697614347775,0.02926829268292683,0.0,0.0,0.6804878048780488,0.0,0.3024390243902439,0.0,0.01707317073170732,4263.5,103.98780487804878,410.0,410.0,410.0,410.0,410.0,3.292682926829268,3.731707317073171,4.168292682926829,3.5747967479674796,3.8097560975609754,69.6219512195122,101.80487804878048,125.04878048780486,91.8048780487805,105.02926829268293,0.01951219512195122,0.0,0.0,0.016260162601626018,0.00975609756097561,0.48743718592964824,0.0788525454074766,-0.9968862904477932,574.3173203212676,9.197006277026958,14000.0,115000.0,18.2,14.8,1253.6755805476523,0.035705752973755424,0.42257895890972735,0.5861955357876715,0.39762459368264763,-0.5646720932727098,0.9462351061651262,-0.0956748822984389
98,Ravenna,410.0,3.151219512195122,5.0,0.560789676903055,0.0024390243902439024,0.0,0.0,1.0,0.0,0.0,0.0,0.0,3876.0,94.53658536585365,410.0,410.0,410.0,410.0,410.0,3.7,3.292682926829268,3.731707317073171,3.38130081300813,3.6087804878048777,103.98780487804878,69.6219512195122,101.80487804878048,89.3821138211382,98.99999999999999,0.02926829268292683,0.01951219512195122,0.0,0.01707317073170732,0.01024390243902439,0.49246231155778897,0.04734298997155776,-0.9988786919844436,574.3173203212676,9.197006277026958,14000.0,115000.0,18.2,14.8,1253.6755805476523,0.035705752973755424,0.42257895890972735,0.5861955357876715,0.39762459368264763,-0.5646720932727098,0.9462351061651262,-0.0956748822984389
99,Ravenna,96.0,2.9583333333333335,4.0,0.3217277916652905,0.0,0.0,0.0,1.0,0.0,0.0,0.0,0.0,852.0,88.75,410.0,410.0,410.0,305.3333333333333,347.2,3.151219512195122,3.7,3.292682926829268,3.2698509485094855,3.3667886178861783,94.53658536585365,103.98780487804878,69.6219512195122,95.7581300813008,91.740243902439,0.0024390243902439024,0.02926829268292683,0.01951219512195122,0.01056910569105691,0.01024390243902439,0.49748743718592964,0.015786242013637264,-0.9998753895176573,574.3173203212676,9.197006277026958,14000.0,115000.0,18.2,14.8,1253.6755805476523,0.035705752973755424,0.42257895890972735,0.5861955357876715,0.39762459368264763,-0.5646720932727098,0.9462351061651262,-0.0956748822984389
34,Roosevelt,114.0,1.6491228070175439,4.0,0.6237547756796747,0.0,1.0,0.0,0.0,0.0,0.0,0.0,0.0,-188.0,-16.49122807017544,351.62311557788945,345.92763157894734,346.39285714285717,114.0,114.0,2.605501029054099,2.5432030294325,2.5560460313609203,1.6491228070175439,1.6491228070175439,44.08319514118346,39.08401388259955,38.59504213350835,-16.49122807017544,-16.49122807017544,0.00680095331825695,0.004516931374460902,0.002911111733831185,0.0,0.0,0.1708542713567839,0.8788798788614602,0.4770431411648898,313.08916523853793,8.412938844412565,8500.0,88000.0,22.5,11.2,896.5984234575935,-0.8782715076887057,0.3441908599365547,-0.2656943180501031,-0.3692228369910299,-0.2277972798901647,-0.02066015515644372,-0.4825204821423414
35,Roosevelt,409.0,1.7799511002444988,4.0,0.6934490365054985,0.0,1.0,0.0,0.0,0.0,0.0,0.0,0.0,-728.0,-17.799511002444987,114.0,345.92763157894734,346.39285714285717,261.5,261.5,1.6491228070175439,2.5432030294325,2.5560460313609203,1.7145369536310213,1.7145369536310213,-16.49122807017544,39.08401388259955,38.59504213350835,-17.145369536310213,-17.145369536310213,0.0,0.004516931374460902,0.002911111733831185,0.0,0.0,0.17587939698492464,0.8935013957148741,0.44906041448292017,313.08916523853793,8.412938844412565,8500.0,88000.0,22.5,11.2,896.5984234575935,-0.8782715076887057,0.3441908599365547,-0.2656943180501031,-0.3692228369910299,-0.2277972798901647,-0.02066015515644372,-0.4825204821423414
36,Roosevelt,410.0,2.5634146341463415,5.0,1.2788014134501267,0.0,0.6341463414634146,0.36585365853658536,0.0,0.0,0.0,0.0,0.0,1393.0,33.97560975609756,409.0,114.0,346.39285714285717,311.0,311.0,1.7799511002444988,1.6491228070175439,2.5560460313609203,1.9974961804694615,1.9974961804694615,-17.799511002444987,-16.49122807017544,38.59504213350835,-0.10504310550762123,-0.10504310550762123,0.0,0.0,0.002911111733831185,0.0,0.0,0.18090452261306533,0.9072322509454814,0.42063005461378417,313.08916523853793,8.412938844412565,8500.0,88000.0,22.5,11.2,896.5984234575935,-0.8782715076887057,0.3441908599365547,-0.2656943180501031,-0.3692228369910299,-0.2277972798901647,-0.02066015515644372,-0.4825204821423414
37,Roosevelt,410.0,3.975609756097561,5.0,0.369219415688965,0.0,0.0,1.0,0.0,0.0,0.0,0.0,0.0,4890.0,119.26829268292684,410.0,409.0,114.0,409.6666666666667,335.75,2.5634146341463415,1.7799511002444988,1.6491228070175439,2.7729918301628005,2.492024574376486,33.97560975609756,-17.799511002444987,-16.49122807017544,45.148130478859805,29.738290841600993,0.0,0.0,0.0,0.0,0.0,0.18592964824120603,0.9200587573381745,0.39178040155849314,313.08916523853793,8.412938844412565,8500.0,88000.0,22.5,11.2,896.5984234575935,-0.8782715076887057,0.3441908599365547,-0.2656943180501031,-0.3692228369910299,-0.2277972798901647,-0.02066015515644372,-0.4825204821423414
38,Roosevelt,410.0,3.9609756097560975,5.0,0.4118525436865358,0.0,0.0,0.9975609756097561,0.0,0.0024390243902439024,0.0,0.0,0.0,4869.0,118.7560975609756,410.0,410.0,409.0,410.0,350.6,3.975609756097561,2.5634146341463415,1.7799511002444988,3.5,2.7858147814524084,119.26829268292684,33.97560975609756,-17.799511002444987,90.66666666666667,47.54185218547592,0.0,0.0,0.0,0.0,0.0,0.19095477386934673,0.9319681291524348,0.3625402132786245,313.08916523853793,8.412938844412565,8500.0,88000.0,22.5,11.2,896.5984234575935,-0.8782715076887057,0.3441908599365547,-0.2656943180501031,-0.3692228369910299,-0.2277972798901647,-0.02066015515644372,-0.4825204821423414
39,Roosevelt,410.0,3.3317073170731706,5.0,0.6902885631642227,0.04390243902439024,0.0,0.0,0.07804878048780488,0.4634146341463415,0.4585365853658537,0.0,0.0,3141.0,76.60975609756098,410.0,410.0,410.0,410.0,409.8,3.9609756097560975,3.975609756097561,2.5634146341463415,3.75609756097561,3.1223316834635337,118.7560975609756,119.26829268292684,33.97560975609756,104.8780487804878,66.1620490190232,0.0,0.0,0.0,0.014634146341463414,0.008780487804878048,0.19597989949748743,0.942948494867437,0.3329386370297613,313.08916523853793,8.412938844412565,8500.0,88000.0,22.5,11.2,896.5984234575935,-0.8782715076887057,0.3441908599365547,-0.2656943180501031,-0.3692228369910299,-0.2277972798901647,-0.02066015515644372,-0.4825204821423414
40,Roosevelt,410.0,3.2365853658536587,5.0,0.5187233234951802,0.0024390243902439024,0.0,0.0,1.0,0.0,0.0,0.0,0.0,3981.0,97.09756097560975,410.0,410.0,410.0,410.0,410.0,3.3317073170731706,3.9609756097560975,3.975609756097561,3.5097560975609756,3.413658536585366,76.60975609756098,118.7560975609756,119.26829268292684,97.48780487804878,89.14146341463415,0.04390243902439024,0.0,0.0,0.015447154471544716,0.009268292682926829,0.20100502512562815,0.9529889090158392,0.30300518030687273,313.08916523853793,8.412938844412565,8500.0,88000.0,22.5,11.2,896.5984234575935,-0.8782715076887057,0.3441908599365547,-0.2656943180501031,-0.3692228369910299,-0.2277972798901647,-0.02066015515644372,-0.4825204821423414
41,Roosevelt,61.0,3.0,3.0,0.0,0.0,0.0,0.0,1.0,0.0,0.0,0.0,0.0,549.0,90.0,410.0,410.0,410.0,293.6666666666667,340.2,3.2365853658536587,3.3317073170731706,3.9609756097560975,3.189430894308943,3.5009756097560976,97.09756097560975,76.60975609756098,118.7560975609756,87.90243902439023,100.34634146341463,0.0024390243902439024,0.04390243902439024,0.0,0.015447154471544716,0.009268292682926829,0.20603015075376885,0.9620793630944628,0.2727696814306032,313.08916523853793,8.412938844412565,8500.0,88000.0,22.5,11.2,896.5984234575935,-0.8782715076887057,0.3441908599365547,-0.2656943180501031,-0.3692228369910299,-0.2277972798901647,-0.02066015515644372,-0.4825204821423414
85,Sand Point,185.0,3.281081081081081,5.0,1.6703680012783042,0.0,0.3675675675675676,0.4918918918918919,0.11351351351351352,0.016216216216216217,0.010810810810810811,0.0,0.0,1428.0,77.1891891891892,351.62311557788945,345.92763157894734,346.39285714285717,185.0,185.0,2.605501029054099,2.5432030294325,2.5560460313609203,3.281081081081081,3.281081081081081,44.08319514118346,39.08401388259955,38.59504213350835,77.1891891891892,77.1891891891892,0.00680095331825695,0.004516931374460902,0.002911111733831185,0.0,0.0,0.4271356783919598,0.44199369050557913,-0.8970181589874635,149.48024629643376,1.257691264618188,,,,,286.5683478221787,-1.4507015028678014,-0.371163753878048,0.0,0.0,0.0,0.0,-1.1434069203988346
86,Sand Point,3.0,3.6666666666666665,5.0,1.1547005383792515,0.0,0.0,0.0,1.0,0.0,0.0,0.0,0.0,33.0,110.0,185.0,345.92763157894734,346.39285714285717,94.0,94.0,3.281081081081081,2.5432030294325,2.5560460313609203,3.473873873873874,3.473873873873874,77.1891891891892,39.08401388259955,38.59504213350835,93.5945945945946,93.5945945945946,0.0,0.004516931374460902,0.002911111733831185,0.0,0.0,0.4321608040201005,0.4134558336521342,-0.9105241751974622,149.48024629643376,1.257691264618188,,,,,286.5683478221787,-1.4507015028678014,-0.371163753878048,0.0,0.0,0.0,0.0,-1.1434069203988346
118,South Lake Union,10.0,1.2,2.0,0.42163702135578396,0.0,1.0,0.0,0.0,0.0,0.0,0.0,0.0,-12.0,-12.0,351.62311557788945,345.92763157894734,346.39285714285717,10.0,10.0,2.605501029054099,2.5432030294325,2.5560460313609203,1.2,1.2,44.08319514118346,39.08401388259955,38.59504213350835,-12.0,-12.0,0.00680095331825695,0.004516931374460902,0.002911111733831185,0.0,0.0,0.592964824120603,-0.5514615120031073,-0.8342003361179176,303.2278400871331,2.493174768460449,8000.0,125000.0,28.5,4.8,604.3592841790397,-0.9127740173646954,-0.24764478197536074,-0.3431388502171735,0.6816421605988245,0.24226059924827034,-1.7395850641725672,-0.7991227147056669
119,South Lake Union,410.0,1.3341463414634147,4.0,0.6619633522743601,0.00975609756097561,1.0,0.0,0.0,0.0,0.0,0.0,0.0,-547.0,-13.341463414634147,10.0,345.92763157894734,346.39285714285717,210.0,210.0,1.2,2.5432030294325,2.5560460313609203,1.2670731707317073,1.2670731707317073,-12.0,39.08401388259955,38.59504213350835,-12.670731707317074,-12.670731707317074,0.0,0.004516931374460902,0.002911111733831185,0.004878048780487805,0.004878048780487805,0.5979899497487438,-0.5775211524135888,-0.816375721414399,303.2278400871331,2.493174768460449,8000.0,125000.0,28.5,4.8,604.3592841790397,-0.9127740173646954,-0.24764478197536074,-0.3431388502171735,0.6816421605988245,0.24226059924827034,-1.7395850641725672,-0.7991227147056669
120,South Lake Union,336.0,2.5833333333333335,5.0,1.0216560549066223,0.16071428571428573,0.1875,0.05357142857142857,0.17559523809523808,0.14583333333333334,0.43154761904761907,0.002976190476190476,0.002976190476190476,1959.5,58.31845238095238,410.0,10.0,346.39285714285717,252.0,252.0,1.3341463414634147,1.2,2.5560460313609203,1.7058265582655825,1.7058265582655825,-13.341463414634147,-12.0,38.59504213350835,10.992329655439411,10.992329655439411,0.00975609756097561,0.0,0.002911111733831185,0.056823461091753784,0.056823461091753784,0.6030150753768844,-0.6030051071796143,-0.7977373256375195,303.2278400871331,2.493174768460449,8000.0,125000.0,28.5,4.8,604.3592841790397,-0.9127740173646954,-0.24764478197536074,-0.3431388502171735,0.6816421605988245,0.24226059924827034,-1.7395850641725672,-0.7991227147056669
99,Southeast Magnolia,314.0,1.3312101910828025,4.0,0.5525258299294799,0.0,1.0,0.0,0.0,0.0,0.0,0.0,0.0,-418.0,-13.312101910828025,351.62311557788945,345.92763157894734,346.39285714285717,314.0,314.0,2.605501029054099,2.5432030294325,2.5560460313609203,1.3312101910828025,1.3312101910828025,44.08319514118346,39.08401388259955,38.59504213350835,-13.312101910828025,-13.312101910828025,0.00680095331825695,0.004516931374460902,0.002911111733831185,0.0,0.0,0.49748743718592964,0.015786242013637264,-0.9998753895176573,714.5538228820013,1.9382724654860792,,,,,1369.8700231416606,0.5263610363399448,-0.30312181728718024,0.0,0.0,0.0,0.0,0.030206339592409478
100,Southeast Magnolia,409.0,2.374083129584352,5.0,1.2888713724189713,0.009779951100244499,0.15403422982885084,0.18092909535452323,0.0,0.6650366748166259,0.0,0.0,0.0,2042.0,49.92665036674816,314.0,345.92763157894734,346.39285714285717,361.5,361.5,1.3312101910828025,2.5432030294325,2.5560460313609203,1.8526466603335772,1.8526466603335772,-13.312101910828025,39.08401388259955,38.59504213350835,18.307274227960068,18.307274227960068,0.0,0.004516931374460902,0.002911111733831185,0.004889975550122249,0.004889975550122249,0.5025125628140703,-0.015786242013636577,-0.9998753895176573,714.5538228820013,1.9382724654860792,,,,,1369.8700231416606,0.5263610363399448,-0.30312181728718024,0.0,0.0,0.0,0.0,0.030206339592409478
101,Southeast Magnolia,410.0,2.821951219512195,5.0,1.3756549353970013,0.012195121951219513,0.0,0.0,0.29024390243902437,0.2097560975609756,0.5,0.0,0.0,3065.5,74.76829268292683,409.0,314.0,346.39285714285717,377.6666666666667,377.6666666666667,2.374083129584352,1.3312101910828025,2.5560460313609203,2.175748180059783,2.175748180059783,49.92665036674816,-13.312101910828025,38.59504213350835,37.12761371294899,37.12761371294899,0.009779951100244499,0.0,0.002911111733831185,0.0073250243504880035,0.0073250243504880035,0.507537688442211,-0.04734298997155752,-0.9988786919844437,714.5538228820013,1.9382724654860792,,,,,1369.8700231416606,0.5263610363399448,-0.30312181728718024,0.0,0.0,0.0,0.0,0.030206339592409478
102,Southeast Magnolia,252.0,4.472222222222222,5.0,0.8053742678883622,0.0,0.0,0.0,1.0,0.0,0.0,0.0,0.0,3381.0,134.16666666666666,410.0,409.0,314.0,357.0,346.25,2.821951219512195,2.374083129584352,1.3312101910828025,3.2227521904395893,2.749866690600393,74.76829268292683,49.92665036674816,-13.312101910828025,86.28720323878053,61.3873769513784,0.012195121951219513,0.009779951100244499,0.0,0.0073250243504880035,0.005493768262866003,0.5125628140703518,-0.07885254540747635,-0.9968862904477932,714.5538228820013,1.9382724654860792,,,,,1369.8700231416606,0.5263610363399448,-0.30312181728718024,0.0,0.0,0.0,0.0,0.030206339592409478
59,Stevens,189.0,1.8412698412698412,4.0,0.8418510987954223,0.0,1.0,0.0,0.0,0.0,0.0,0.0,0.0,-348.0,-18.41269841269841,351.62311557788945,345.92763157894734,346.39285714285717,189.0,189.0,2.605501029054099,2.5432030294325,2.5560460313609203,1.8412698412698412,1.8412698412698412,44.08319514118346,39.08401388259955,38.59504213350835,-18.41269841269841,-18.41269841269841,0.00680095331825695,0.004516931374460902,0.002911111733831185,0.0,0.0,0.2964824120603015,0.9576534697159296,-0.28792330913116637,551.2252611100629,3.02235785900848,5200.0,165000.0,15.2,14.5,815.2200676163891,-0.04508805355229922,-0.19473905633070274,-0.7768282303527678,1.817712428263532,-0.7997010328419274,0.8656605010549951,-0.5706831054147157
60,Stevens,410.0,1.4,4.0,0.5425647685920636,0.004878048780487805,1.0,0.0,0.0,0.0,0.0,0.0,0.0,-574.0,-14.0,189.0,345.92763157894734,346.39285714285717,299.5,299.5,1.8412698412698412,2.5432030294325,2.5560460313609203,1.6206349206349207,1.6206349206349207,-18.41269841269841,39.08401388259955,38.59504213350835,-16.206349206349206,-16.206349206349206,0.0,0.004516931374460902,0.002911111733831185,0.0024390243902439024,0.0024390243902439024,0.3015075376884422,0.9480868435005095,-0.3180115362392381,551.2252611100629,3.02235785900848,5200.0,165000.0,15.2,14.5,815.2200676163891,-0.04508805355229922,-0.19473905633070274,-0.7768282303527678,1.817712428263532,-0.7997010328419274,0.8656605010549951,-0.5706831054147157
61,Stevens,410.0,1.648780487804878,5.0,1.1778563993194817,0.0024390243902439024,0.9,0.1,0.0,0.0,0.0,0.0,0.0,120.0,2.926829268292683,410.0,189.0,346.39285714285717,336.3333333333333,336.3333333333333,1.4,1.8412698412698412,2.5560460313609203,1.6300167763582396,1.6300167763582396,-14.0,-18.41269841269841,38.59504213350835,-9.828623048135244,-9.828623048135244,0.004878048780487805,0.0,0.002911111733831185,0.0024390243902439024,0.0024390243902439024,0.3065326633165829,0.9375751437008251,-0.34778276253198237,551.2252611100629,3.02235785900848,5200.0,165000.0,15.2,14.5,815.2200676163891,-0.04508805355229922,-0.19473905633070274,-0.7768282303527678,1.817712428263532,-0.7997010328419274,0.8656605010549951,-0.5706831054147157
62,Stevens,410.0,3.8634146341463413,5.0,1.2215978348871475,0.007317073170731708,0.0,0.573170731707317,0.0,0.34146341463414637,0.06341463414634146,0.02195121951219512,0.0,4293.5,104.71951219512195,410.0,410.0,189.0,410.0,354.75,1.648780487804878,1.4,1.8412698412698412,2.3040650406504066,2.188366240805265,2.926829268292683,-14.0,-18.41269841269841,31.215447154471544,18.808410762679056,0.0024390243902439024,0.004878048780487805,0.0,0.004878048780487805,0.003658536585365854,0.31155778894472363,0.9261288486078412,-0.3772073114035761,551.2252611100629,3.02235785900848,5200.0,165000.0,15.2,14.5,815.2200676163891,-0.04508805355229922,-0.19473905633070274,-0.7768282303527678,1.817712428263532,-0.7997010328419274,0.8656605010549951,-0.5706831054147157
63,Stevens,247.0,3.145748987854251,5.0,0.6271403560349713,0.0,0.0,0.0,0.9878542510121457,0.0,0.012145748987854251,0.0,0.0,2326.0,94.17004048582996,410.0,410.0,410.0,355.6666666666667,333.2,3.8634146341463413,1.648780487804878,1.4,2.885981369935157,2.3798427902150623,104.71951219512195,2.926829268292683,-14.0,67.27212731641487,33.88073670730923,0.007317073170731708,0.0024390243902439024,0.004878048780487805,0.0032520325203252037,0.002926829268292683,0.3165829145728643,0.9137593681374367,-0.40625585182378887,551.2252611100629,3.02235785900848,5200.0,165000.0,15.2,14.5,815.2200676163891,-0.04508805355229922,-0.19473905633070274,-0.7768282303527678,1.817712428263532,-0.7997010328419274,0.8656605010549951,-0.5706831054147157
120,Sunset Hill,74.0,1.445945945945946,3.0,0.6650139949478434,0.0,1.0,0.0,0.0,0.0,0.0,0.0,0.0,-107.0,-14.45945945945946,351.62311557788945,345.92763157894734,346.39285714285717,74.0,74.0,2.605501029054099,2.5432030294325,2.5560460313609203,1.445945945945946,1.445945945945946,44.08319514118346,39.08401388259955,38.59504213350835,-14.45945945945946,-14.45945945945946,0.00680095331825695,0.004516931374460902,0.002911111733831185,0.0,0.0,0.6030150753768844,-0.6030051071796143,-0.7977373256375195,512.0718552078825,2.8589737653237535,6800.0,135000.0,12.8,15.2,911.864787155464,-0.18207681979285695,-0.21107358059948353,-0.5290057274181424,0.9656597275150014,-0.9877241844973014,1.0536679129786335,-0.4659814078698071
121,Sunset Hill,409.0,2.4816625916870416,5.0,1.252558625920079,0.0,0.43276283618581907,0.5672371638141809,0.0,0.0,0.0,0.0,0.0,2161.0,52.836185819070906,74.0,345.92763157894734,346.39285714285717,241.5,241.5,1.445945945945946,2.5432030294325,2.5560460313609203,1.9638042688164938,1.9638042688164938,-14.45945945945946,39.08401388259955,38.59504213350835,19.188363179805723,19.188363179805723,0.0,0.004516931374460902,0.002911111733831185,0.0,0.0,0.6080402010050251,-0.6278879733408581,-0.7783037279455302,512.0718552078825,2.8589737653237535,6800.0,135000.0,12.8,15.2,911.864787155464,-0.18207681979285695,-0.21107358059948353,-0.5290057274181424,0.9656597275150014,-0.9877241844973014,1.0536679129786335,-0.4659814078698071
122,Sunset Hill,410.0,3.026829268292683,4.0,0.31547254906666955,0.0024390243902439024,0.0,0.9,0.0,0.08780487804878048,0.0,0.012195121951219513,0.0,3604.5,87.91463414634146,409.0,74.0,346.39285714285717,297.6666666666667,297.6666666666667,2.4816625916870416,1.445945945945946,2.5560460313609203,2.3181459353085567,2.3181459353085567,52.836185819070906,-14.45945945945946,38.59504213350835,42.09712016865097,42.09712016865097,0.0,0.0,0.002911111733831185,0.0008130081300813008,0.0008130081300813008,0.6130653266331658,-0.6521449471151866,-0.7580943001712456,512.0718552078825,2.8589737653237535,6800.0,135000.0,12.8,15.2,911.864787155464,-0.18207681979285695,-0.21107358059948353,-0.5290057274181424,0.9656597275150014,-0.9877241844973014,1.0536679129786335,-0.4659814078698071
123,Sunset Hill,410.0,3.158536585365854,5.0,0.5477116697956742,0.0024390243902439024,0.0,0.0,0.5292682926829269,0.3804878048780488,0.09024390243902439,0.0,0.0,3353.0,81.78048780487805,410.0,409.0,74.0,409.6666666666667,325.75,3.026829268292683,2.4816625916870416,1.445945945945946,2.889009481781859,2.528243597822881,87.91463414634146,52.836185819070906,-14.45945945945946,74.1771025900968,52.017962077707736,0.0024390243902439024,0.0,0.0,0.0016260162601626016,0.0012195121951219512,0.6180904522613065,-0.6757518486236087,-0.737129187511779,512.0718552078825,2.8589737653237535,6800.0,135000.0,12.8,15.2,911.864787155464,-0.18207681979285695,-0.21107358059948353,-0.5290057274181424,0.9656597275150014,-0.9877241844973014,1.0536679129786335,-0.4659814078698071
124,Sunset Hill,161.0,3.0,4.0,0.11180339887498948,0.0,0.0,0.0,1.0,0.0,0.0,0.0,0.0,1449.0,90.0,410.0,410.0,409.0,327.0,292.8,3.158536585365854,3.026829268292683,2.4816625916870416,3.061788617886179,2.622594878258305,81.78048780487805,87.91463414634146,52.836185819070906,86.5650406504065,59.61436966216619,0.0024390243902439024,0.0024390243902439024,0.0,0.0016260162601626016,0.000975609756097561,0.6231155778894473,-0.6986851459933067,-0.7154292884473712,512.0718552078825,2.8589737653237535,6800.0,135000.0,12.8,15.2,911.864787155464,-0.18207681979285695,-0.21107358059948353,-0.5290057274181424,0.9656597275150014,-0.9877241844973014,1.0536679129786335,-0.4659814078698071
183,University District,199.0,1.7336683417085428,4.0,0.7278181803092378,0.0,1.0,0.0,0.0,0.0,0.0,0.0,0.0,-345.0,-17.33668341708543,351.62311557788945,345.92763157894734,346.39285714285717,199.0,199.0,2.605501029054099,2.5432030294325,2.5560460313609203,1.7336683417085428,1.7336683417085428,44.08319514118346,39.08401388259955,38.59504213350835,-17.33668341708543,-17.33668341708543,0.00680095331825695,0.004516931374460902,0.002911111733831185,0.0,0.0,0.9195979899497487,-0.4839656011428394,0.8750870224785934,379.3620453770567,5.364268842386082,32000.0,42000.0,38.5,6.2,2457.8230133689053,-0.6463979356151588,0.03939635385875217,3.3741986938022057,-1.6757036448054436,1.0256903978123288,-1.36357024032529,1.208858680549291
184,University District,410.0,1.6512195121951219,4.0,0.7582059481203262,0.0,1.0,0.0,0.0,0.0,0.0,0.0,0.0,-677.0,-16.51219512195122,199.0,345.92763157894734,346.39285714285717,304.5,304.5,1.7336683417085428,2.5432030294325,2.5560460313609203,1.6924439269518323,1.6924439269518323,-17.33668341708543,39.08401388259955,38.59504213350835,-16.924439269518324,-16.924439269518324,0.0,0.004516931374460902,0.002911111733831185,0.0,0.0,0.9246231155778895,-0.45609915920701627,0.8899289617551801,379.3620453770567,5.364268842386082,32000.0,42000.0,38.5,6.2,2457.8230133689053,-0.6463979356151588,0.03939635385875217,3.3741986938022057,-1.6757036448054436,1.0256903978123288,-1.36357024032529,1.208858680549291
185,University District,409.0,1.4743276283618583,4.0,0.7309348702541356,0.0024449877750611247,1.0,0.0,0.0,0.0,0.0,0.0,0.0,-603.0,-14.743276283618583,410.0,199.0,346.39285714285717,339.3333333333333,339.3333333333333,1.6512195121951219,1.7336683417085428,2.5560460313609203,1.6197384940885076,1.6197384940885076,-16.51219512195122,-17.33668341708543,38.59504213350835,-16.197384940885076,-16.197384940885076,0.0,0.0,0.002911111733831185,0.0008149959250203749,0.0008149959250203749,0.9296482412060302,-0.4277780677102096,0.9038838004888236,379.3620453770567,5.364268842386082,32000.0,42000.0,38.5,6.2,2457.8230133689053,-0.6463979356151588,0.03939635385875217,3.3741986938022057,-1.6757036448054436,1.0256903978123288,-1.36357024032529,1.208858680549291
186,University District,410.0,2.451219512195122,5.0,1.1675360030614685,0.007317073170731708,0.12682926829268293,0.2780487804878049,0.0,0.5414634146341464,0.0,0.05365853658536585,0.0,2145.0,52.3170731707317,409.0,410.0,199.0,409.6666666666667,357.0,1.4743276283618583,1.6512195121951219,1.7336683417085428,1.858922217584034,1.827608748615161,-14.743276283618583,-16.51219512195122,-17.33668341708543,7.0205339217206335,0.9312295870191178,0.0024449877750611247,0.0,0.0,0.0032540203152642776,0.002440515236448208,0.9346733668341709,-0.3990305577323406,0.9169376281927889,379.3620453770567,5.364268842386082,32000.0,42000.0,38.5,6.2,2457.8230133689053,-0.6463979356151588,0.03939635385875217,3.3741986938022057,-1.6757036448054436,1.0256903978123288,-1.36357024032529,1.208858680549291
187,University District,410.0,3.151219512195122,5.0,1.2138407091130228,0.15365853658536585,0.0,0.0,0.37073170731707317,0.01707317073170732,0.5951219512195122,0.0,0.01707317073170732,3485.5,85.01219512195122,410.0,409.0,410.0,409.6666666666667,367.6,2.451219512195122,1.4743276283618583,1.6512195121951219,2.358922217584034,2.0923309013311533,52.3170731707317,-14.743276283618583,-16.51219512195122,40.86199733635478,17.74742269400554,0.007317073170731708,0.0024449877750611247,0.0,0.054473532510386224,0.032684119506231735,0.9396984924623115,-0.36988528541654697,0.9290774325277305,379.3620453770567,5.364268842386082,32000.0,42000.0,38.5,6.2,2457.8230133689053,-0.6463979356151588,0.03939635385875217,3.3741986938022057,-1.6757036448054436,1.0256903978123288,-1.36357024032529,1.208858680549291
188,University District,197.0,3.715736040609137,5.0,1.1474933156937317,0.0,0.0,0.0,1.0,0.0,0.0,0.0,0.0,2196.0,111.47208121827411,410.0,410.0,409.0,339.0,367.2,3.151219512195122,2.451219512195122,1.4743276283618583,3.1060583549997935,2.4887444411112725,85.01219512195122,52.3170731707317,-14.743276283618583,82.93378317031902,43.509175621077446,0.15365853658536585,0.007317073170731708,0.0024449877750611247,0.053658536585365846,0.032684119506231735,0.9447236180904522,-0.3403713034041135,0.9402911122726754,379.3620453770567,5.364268842386082,32000.0,42000.0,38.5,6.2,2457.8230133689053,-0.6463979356151588,0.03939635385875217,3.3741986938022057,-1.6757036448054436,1.0256903978123288,-1.36357024032529,1.208858680549291
160,View Ridge,309.0,1.72168284789644,4.0,0.7646082201080486,0.0,1.0,0.0,0.0,0.0,0.0,0.0,0.0,-532.0,-17.216828478964402,351.62311557788945,345.92763157894734,346.39285714285717,309.0,309.0,2.605501029054099,2.5432030294325,2.5560460313609203,1.72168284789644,1.72168284789644,44.08319514118346,39.08401388259955,38.59504213350835,-17.216828478964402,-17.216828478964402,0.00680095331825695,0.004516931374460902,0.002911111733831185,0.0,0.0,0.8040201005025126,-0.942948494867437,0.332938637029761,186.66376061365267,9.101927414376403,7500.0,145000.0,14.5,16.8,318.5019287961434,-1.3206049344229018,0.41307333351873654,-0.4205833823842439,1.2496772944311783,-0.8545411187414115,1.4833991402326647,-1.1088111333490303
161,View Ridge,410.0,3.5146341463414634,5.0,1.4554611726999263,0.0,0.2658536585365854,0.7341463414634146,0.0,0.0,0.0,0.0,0.0,3587.0,87.48780487804878,309.0,345.92763157894734,346.39285714285717,359.5,359.5,1.72168284789644,2.5432030294325,2.5560460313609203,2.6181584971189515,2.6181584971189515,-17.216828478964402,39.08401388259955,38.59504213350835,35.13548819954219,35.13548819954219,0.0,0.004516931374460902,0.002911111733831185,0.0,0.0,0.8090452261306532,-0.9319681291524351,0.3625402132786239,186.66376061365267,9.101927414376403,7500.0,145000.0,14.5,16.8,318.5019287961434,-1.3206049344229018,0.41307333351873654,-0.4205833823842439,1.2496772944311783,-0.8545411187414115,1.4833991402326647,-1.1088111333490303
162,View Ridge,410.0,4.521951219512195,5.0,0.7067651419175998,0.0,0.0,1.0,0.0,0.0,0.0,0.0,0.0,5562.0,135.65853658536585,410.0,309.0,346.39285714285717,376.3333333333333,376.3333333333333,3.5146341463414634,1.72168284789644,2.5560460313609203,3.2527560712500327,3.2527560712500327,87.48780487804878,-17.216828478964402,38.59504213350835,68.64317099481674,68.64317099481674,0.0,0.0,0.002911111733831185,0.0,0.0,0.8140703517587939,-0.9200587573381745,0.3917804015584929,186.66376061365267,9.101927414376403,7500.0,145000.0,14.5,16.8,318.5019287961434,-1.3206049344229018,0.41307333351873654,-0.4205833823842439,1.2496772944311783,-0.8545411187414115,1.4833991402326647,-1.1088111333490303
163,View Ridge,410.0,3.2170731707317075,5.0,1.1422969265788927,0.007317073170731708,0.0,0.13902439024390245,0.12926829268292683,0.36097560975609755,0.36097560975609755,0.007317073170731708,0.0024390243902439024,3325.0,81.09756097560975,410.0,410.0,309.0,410.0,384.75,4.521951219512195,3.5146341463414634,1.72168284789644,3.7512195121951213,3.243835346120451,135.65853658536585,87.48780487804878,-17.216828478964402,101.41463414634147,71.75676849001499,0.0,0.0,0.0,0.0024390243902439024,0.001829268292682927,0.8190954773869347,-0.9072322509454813,0.42063005461378433,186.66376061365267,9.101927414376403,7500.0,145000.0,14.5,16.8,318.5019287961434,-1.3206049344229018,0.41307333351873654,-0.4205833823842439,1.2496772944311783,-0.8545411187414115,1.4833991402326647,-1.1088111333490303
164,View Ridge,160.0,3.90625,5.0,0.9634638439590518,0.0,0.0,0.0,1.0,0.0,0.0,0.0,0.0,1875.0,117.1875,410.0,410.0,410.0,326.6666666666667,339.8,3.2170731707317075,4.521951219512195,3.5146341463414634,3.8817581300813004,3.376318276896361,81.09756097560975,135.65853658536585,87.48780487804878,111.3145325203252,80.842914792012,0.007317073170731708,0.0,0.0,0.0024390243902439024,0.0014634146341463415,0.8241206030150754,-0.8935013957148743,0.4490604144829198,186.66376061365267,9.101927414376403,7500.0,145000.0,14.5,16.8,318.5019287961434,-1.3206049344229018,0.41307333351873654,-0.4205833823842439,1.2496772944311783,-0.8545411187414115,1.4833991402326647,-1.1088111333490303
151,Wallingford,90.0,1.488888888888889,3.0,0.6403026749947974,0.0,1.0,0.0,0.0,0.0,0.0,0.0,0.0,-134.0,-14.88888888888889,351.62311557788945,345.92763157894734,346.39285714285717,90.0,90.0,2.605501029054099,2.5432030294325,2.5560460313609203,1.488888888888889,1.488888888888889,44.08319514118346,39.08401388259955,38.59504213350835,-14.88888888888889,-14.88888888888889,0.00680095331825695,0.004516931374460902,0.002911111733831185,0.0,0.0,0.7587939698492462,-0.9984738782203789,0.055226031104507474,916.2694694452003,3.7870955168909854,18000.0,105000.0,16.2,10.5,2072.8794749574417,1.2321177110758774,-0.11828347518926799,1.2057517931242347,0.11360702676647075,-0.7213580529855216,-0.20866756708008205,0.791823563443608
152,Wallingford,410.0,1.551219512195122,5.0,0.7121447173123238,0.0,1.0,0.0,0.0,0.0,0.0,0.0,0.0,-636.0,-15.512195121951219,90.0,345.92763157894734,346.39285714285717,250.0,250.0,1.488888888888889,2.5432030294325,2.5560460313609203,1.5200542005420055,1.5200542005420055,-14.88888888888889,39.08401388259955,38.59504213350835,-15.200542005420054,-15.200542005420054,0.0,0.004516931374460902,0.002911111733831185,0.0,0.0,0.7638190954773869,-0.9962328222710067,0.08671887816355048,916.2694694452003,3.7870955168909854,18000.0,105000.0,16.2,10.5,2072.8794749574417,1.2321177110758774,-0.11828347518926799,1.2057517931242347,0.11360702676647075,-0.7213580529855216,-0.20866756708008205,0.791823563443608
153,Wallingford,410.0,1.2951219512195122,5.0,0.5751373683099554,0.0,1.0,0.0,0.0,0.0,0.0,0.0,0.0,-531.0,-12.951219512195122,410.0,90.0,346.39285714285717,303.3333333333333,303.3333333333333,1.551219512195122,1.488888888888889,2.5560460313609203,1.4450767841011745,1.4450767841011745,-15.512195121951219,-14.88888888888889,38.59504213350835,-14.450767841011745,-14.450767841011745,0.0,0.0,0.002911111733831185,0.0,0.0,0.7688442211055276,-0.9929986997786696,0.11812528195890803,916.2694694452003,3.7870955168909854,18000.0,105000.0,16.2,10.5,2072.8794749574417,1.2321177110758774,-0.11828347518926799,1.2057517931242347,0.11360702676647075,-0.7213580529855216,-0.20866756708008205,0.791823563443608
154,Wallingford,410.0,1.8560975609756099,5.0,1.2337052903813046,0.0,0.7707317073170732,0.16585365853658537,0.0,0.06341463414634146,0.0,0.0,0.0,542.0,13.219512195121952,410.0,410.0,90.0,410.0,330.0,1.2951219512195122,1.551219512195122,1.488888888888889,1.567479674796748,1.5478319783197834,-12.951219512195122,-15.512195121951219,-14.88888888888889,-5.08130081300813,-7.5331978319783195,0.0,0.0,0.0,0.0,0.0,0.7738693467336684,-0.9887747345870026,0.14941393590426047,916.2694694452003,3.7870955168909854,18000.0,105000.0,16.2,10.5,2072.8794749574417,1.2321177110758774,-0.11828347518926799,1.2057517931242347,0.11360702676647075,-0.7213580529855216,-0.20866756708008205,0.791823563443608
155,Wallingford,410.0,3.546341463414634,5.0,1.1801325110992218,0.03170731707317073,0.0,0.0,0.3780487804878049,0.4024390243902439,0.21707317073170732,0.0,0.0024390243902439024,3750.0,91.46341463414635,410.0,410.0,410.0,410.0,346.0,1.8560975609756099,1.2951219512195122,1.551219512195122,2.232520325203252,1.9475338753387532,13.219512195121952,-12.951219512195122,-15.512195121951219,30.577235772357724,12.266124661246613,0.0,0.0,0.0,0.01056910569105691,0.006341463414634147,0.7788944723618091,-0.98356513723637,0.1805536507889021,916.2694694452003,3.7870955168909854,18000.0,105000.0,16.2,10.5,2072.8794749574417,1.2321177110758774,-0.11828347518926799,1.2057517931242347,0.11360702676647075,-0.7213580529855216,-0.20866756708008205,0.791823563443608
156,Wallingford,410.0,4.404878048780488,5.0,0.8828580005585369,0.0024390243902439024,0.0,0.0,1.0,0.0,0.0,0.0,0.0,5418.0,132.14634146341464,410.0,410.0,410.0,410.0,410.0,3.546341463414634,1.8560975609756099,1.2951219512195122,3.269105691056911,2.530731707317073,91.46341463414635,13.219512195121952,-12.951219512195122,78.94308943089432,41.673170731707316,0.03170731707317073,0.0,0.0,0.011382113821138212,0.006829268292682928,0.7839195979899497,-0.9773751007667073,0.2115133858678184,916.2694694452003,3.7870955168909854,18000.0,105000.0,16.2,10.5,2072.8794749574417,1.2321177110758774,-0.11828347518926799,1.2057517931242347,0.11360702676647075,-0.7213580529855216,-0.20866756708008205,0.791823563443608
157,Wallingford,409.0,4.430317848410758,5.0,0.8776417525298089,0.004889975550122249,0.0,0.0,1.0,0.0,0.0,0.0,0.0,5436.0,132.90953545232273,410.0,410.0,410.0,409.6666666666667,409.8,4.404878048780488,3.546341463414634,1.8560975609756099,4.12717912020196,3.1065513745602003,132.14634146341464,91.46341463414635,13.219512195121952,118.83976384996124,71.3575168465621,0.0024390243902439024,0.03170731707317073,0.0,0.013012105671178961,0.007807263402707376,0.7889447236180904,-0.9702107955409863,0.24226227980378293,916.2694694452003,3.7870955168909854,18000.0,105000.0,16.2,10.5,2072.8794749574417,1.2321177110758774,-0.11828347518926799,1.2057517931242347,0.11360702676647075,-0.7213580529855216,-0.20866756708008205,0.791823563443608
158,Wallingford,410.0,4.4487804878048784,5.0,0.8641521280144135,0.0,0.0,0.0,1.0,0.0,0.0,0.0,0.0,5472.0,133.46341463414635,409.0,410.0,410.0,409.6666666666667,409.8,4.430317848410758,4.404878048780488,3.546341463414634,4.427992128332042,3.737283081877274,132.90953545232273,132.14634146341464,91.46341463414635,132.83976384996123,100.6404436758304,0.004889975550122249,0.0024390243902439024,0.03170731707317073,0.0024429999801220507,0.007807263402707376,0.7939698492462312,-0.9620793630944628,0.27276968143060315,916.2694694452003,3.7870955168909854,18000.0,105000.0,16.2,10.5,2072.8794749574417,1.2321177110758774,-0.11828347518926799,1.2057517931242347,0.11360702676647075,-0.7213580529855216,-0.20866756708008205,0.791823563443608
159,Wallingford,410.0,4.536585365853658,5.0,0.8124207232525271,0.0024390243902439024,0.0,0.0,1.0,0.0,0.0,0.0,0.0,5580.0,136.09756097560975,410.0,409.0,410.0,409.6666666666667,409.8,4.4487804878048784,4.430317848410758,4.404878048780488,4.471894567356432,4.273380642852883,133.46341463414635,132.90953545232273,132.14634146341464,134.15683702069293,125.21605343192796,0.0,0.004889975550122249,0.0024390243902439024,0.0024429999801220507,0.008295068280756157,0.7989949748743719,-0.9529889090158394,0.3030051803068723,916.2694694452003,3.7870955168909854,18000.0,105000.0,16.2,10.5,2072.8794749574417,1.2321177110758774,-0.11828347518926799,1.2057517931242347,0.11360702676647075,-0.7213580529855216,-0.20866756708008205,0.791823563443608
160,Wallingford,101.0,4.475247524752476,5.0,0.8555005482866808,0.009900990099009901,0.0,0.0,1.0,0.0,0.0,0.0,0.0,1356.0,134.25742574257424,410.0,410.0,409.0,307.0,348.0,4.536585365853658,4.4487804878048784,4.430317848410758,4.486871126137004,4.459161855120452,136.09756097560975,133.46341463414635,132.90953545232273,134.60613378411009,133.77485565361354,0.0024390243902439024,0.0,0.004889975550122249,0.004113338163084602,0.003933802885923991,0.8040201005025126,-0.942948494867437,0.332938637029761,916.2694694452003,3.7870955168909854,18000.0,105000.0,16.2,10.5,2072.8794749574417,1.2321177110758774,-0.11828347518926799,1.2057517931242347,0.11360702676647075,-0.7213580529855216,-0.20866756708008205,0.791823563443608
146,West Queen Anne,7.0,1.5714285714285714,3.0,0.7867957924694431,0.0,1.0,0.0,0.0,0.0,0.0,0.0,0.0,-11.0,-15.714285714285714,351.62311557788945,345.92763157894734,346.39285714285717,7.0,7.0,2.605501029054099,2.5432030294325,2.5560460313609203,1.5714285714285714,1.5714285714285714,44.08319514118346,39.08401388259955,38.59504213350835,-15.714285714285714,-15.714285714285714,0.00680095331825695,0.004516931374460902,0.002911111733831185,0.0,0.0,0.7336683417085427,-0.9947397160206569,-0.10243484451661397,603.2428785694981,1.8002699055068658,,,,,1156.475984822354,0.13690963156210118,-0.3169187917312419,0.0,0.0,0.0,0.0,-0.20097771437922204
147,West Queen Anne,410.0,1.5926829268292684,4.0,0.8258921956155652,0.0,1.0,0.0,0.0,0.0,0.0,0.0,0.0,-653.0,-15.926829268292684,7.0,345.92763157894734,346.39285714285717,208.5,208.5,1.5714285714285714,2.5432030294325,2.5560460313609203,1.5820557491289198,1.5820557491289198,-15.714285714285714,39.08401388259955,38.59504213350835,-15.820557491289199,-15.820557491289199,0.0,0.004516931374460902,0.002911111733831185,0.0,0.0,0.7386934673366834,-0.9974776464163387,-0.07098129964801624,603.2428785694981,1.8002699055068658,,,,,1156.475984822354,0.13690963156210118,-0.3169187917312419,0.0,0.0,0.0,0.0,-0.20097771437922204
148,West Queen Anne,410.0,2.8317073170731706,5.0,1.0270043374968205,0.024390243902439025,0.08780487804878048,0.44146341463414634,0.0,0.3975609756097561,0.07073170731707316,0.0024390243902439024,0.0,2794.5,68.15853658536585,410.0,7.0,346.39285714285717,275.6666666666667,275.6666666666667,1.5926829268292684,1.5714285714285714,2.5560460313609203,1.9986062717770035,1.9986062717770035,-15.926829268292684,-15.714285714285714,38.59504213350835,12.172473867595818,12.172473867595818,0.0,0.0,0.002911111733831185,0.008130081300813009,0.008130081300813009,0.7437185929648241,-0.9992212694012756,-0.03945699907625272,603.2428785694981,1.8002699055068658,,,,,1156.475984822354,0.13690963156210118,-0.3169187917312419,0.0,0.0,0.0,0.0,-0.20097771437922204
149,West Queen Anne,259.0,3.1969111969111967,5.0,0.886936913755804,0.10810810810810811,0.0,0.0,0.6138996138996139,0.0,0.3861003861003861,0.0,0.0,2330.0,89.96138996138995,410.0,410.0,7.0,359.6666666666667,271.5,2.8317073170731706,1.5926829268292684,1.5714285714285714,2.5404338136045452,2.298182503060552,68.15853658536585,-15.926829268292684,-15.714285714285714,47.397699092821036,31.61970289104435,0.024390243902439025,0.0,0.0,0.044166117336849046,0.03312458800263678,0.7487437185929648,-0.9999688468941563,-0.007893366909712889,603.2428785694981,1.8002699055068658,,,,,1156.475984822354,0.13690963156210118,-0.3169187917312419,0.0,0.0,0.0,0.0,-0.20097771437922204
82,West Woodland,231.0,1.683982683982684,4.0,0.7573717022380925,0.0,1.0,0.0,0.0,0.0,0.0,0.0,0.0,-389.0,-16.839826839826838,351.62311557788945,345.92763157894734,346.39285714285717,231.0,231.0,2.605501029054099,2.5432030294325,2.5560460313609203,1.683982683982684,1.683982683982684,44.08319514118346,39.08401388259955,38.59504213350835,-16.839826839826838,-16.839826839826838,0.00680095331825695,0.004516931374460902,0.002911111733831185,0.0,0.0,0.4120603015075377,0.5248521627644684,-0.8511934017844945,770.5448930943663,1.65467322076438,8500.0,95000.0,15.8,11.8,1942.6583650149855,0.7222609191762729,-0.33147499807143405,-0.2656943180501031,-0.17041054014970614,-0.7526952449280838,0.14048905506381823,0.6507463133653484
83,West Woodland,410.0,1.773170731707317,5.0,0.853448173564361,0.004878048780487805,0.7609756097560976,0.12926829268292683,0.0,0.10975609756097561,0.0,0.0,0.0,252.0,6.146341463414634,231.0,345.92763157894734,346.39285714285717,320.5,320.5,1.683982683982684,2.5432030294325,2.5560460313609203,1.7285767078450005,1.7285767078450005,-16.839826839826838,39.08401388259955,38.59504213350835,-5.346742688206102,-5.346742688206102,0.0,0.004516931374460902,0.002911111733831185,0.0024390243902439024,0.0024390243902439024,0.41708542713567837,0.4977196294756834,-0.8673379793567145,770.5448930943663,1.65467322076438,8500.0,95000.0,15.8,11.8,1942.6583650149855,0.7222609191762729,-0.33147499807143405,-0.2656943180501031,-0.17041054014970614,-0.7526952449280838,0.14048905506381823,0.6507463133653484
84,West Woodland,410.0,2.7195121951219514,5.0,0.7798562691832461,0.05121951219512195,0.0,0.0,0.4658536585365854,0.3804878048780488,0.15121951219512195,0.0,0.0024390243902439024,2893.5,70.57317073170732,410.0,231.0,346.39285714285717,350.3333333333333,350.3333333333333,1.773170731707317,1.683982683982684,2.5560460313609203,2.0588885369373173,2.0588885369373173,6.146341463414634,-16.839826839826838,38.59504213350835,19.959895118431707,19.959895118431707,0.004878048780487805,0.0,0.002911111733831185,0.018699186991869916,0.018699186991869916,0.4221105527638191,0.47009095843600296,-0.8826179755685469,770.5448930943663,1.65467322076438,8500.0,95000.0,15.8,11.8,1942.6583650149855,0.7222609191762729,-0.33147499807143405,-0.2656943180501031,-0.17041054014970614,-0.7526952449280838,0.14048905506381823,0.6507463133653484
85,West Woodland,224.0,2.9910714285714284,5.0,0.3139659721154197,0.004464285714285714,0.0,0.0,1.0,0.0,0.0,0.0,0.0,2010.0,89.73214285714286,410.0,410.0,231.0,348.0,318.75,2.7195121951219514,1.773170731707317,1.683982683982684,2.4945847851335654,2.291934259845845,70.57317073170732,6.146341463414634,-16.839826839826838,55.483885017421606,37.402957053109496,0.05121951219512195,0.004878048780487805,0.0,0.020187282229965155,0.015140461672473866,0.4271356783919598,0.44199369050557913,-0.8970181589874635,770.5448930943663,1.65467322076438,8500.0,95000.0,15.8,11.8,1942.6583650149855,0.7222609191762729,-0.33147499807143405,-0.2656943180501031,-0.17041054014970614,-0.7526952449280838,0.14048905506381823,0.6507463133653484
41,Westlake,127.0,2.0866141732283463,5.0,1.2663133720787527,0.015748031496062992,0.6141732283464567,0.023622047244094488,0.06299212598425197,0.2283464566929134,0.05511811023622047,0.0,0.015748031496062992,251.0,19.763779527559056,351.62311557788945,345.92763157894734,346.39285714285717,127.0,127.0,2.605501029054099,2.5432030294325,2.5560460313609203,2.0866141732283463,2.0866141732283463,44.08319514118346,39.08401388259955,38.59504213350835,19.763779527559056,19.763779527559056,0.00680095331825695,0.004516931374460902,0.002911111733831185,0.015748031496062992,0.015748031496062992,0.20603015075376885,0.9620793630944628,0.2727696814306032,534.8180148922212,0.2374639530899003,4200.0,78000.0,32.5,8.5,1823.596583358903,-0.10249323619215812,-0.47316222511227496,-0.9317172946869086,-0.6532404039072068,0.5556325186738937,-0.7458316011476206,0.5217587110259063
124,Whittier Heights,249.0,1.534136546184739,5.0,0.7776096524623001,0.0,1.0,0.0,0.0,0.0,0.0,0.0,0.0,-382.0,-15.341365461847388,351.62311557788945,345.92763157894734,346.39285714285717,249.0,249.0,2.605501029054099,2.5432030294325,2.5560460313609203,1.534136546184739,1.534136546184739,44.08319514118346,39.08401388259955,38.59504213350835,-15.341365461847388,-15.341365461847388,0.00680095331825695,0.004516931374460902,0.002911111733831185,0.0,0.0,0.6231155778894473,-0.6986851459933067,-0.7154292884473712,388.86411955339366,6.90215390168305,,,,,745.4907991438116,-0.6131523625124066,0.19314829052007523,0.0,0.0,0.0,0.0,-0.6462254921324062
125,Whittier Heights,410.0,1.4853658536585366,5.0,0.7407327950400215,0.0,1.0,0.0,0.0,0.0,0.0,0.0,0.0,-609.0,-14.853658536585366,249.0,345.92763157894734,346.39285714285717,329.5,329.5,1.534136546184739,2.5432030294325,2.5560460313609203,1.5097511999216378,1.5097511999216378,-15.341365461847388,39.08401388259955,38.59504213350835,-15.097511999216376,-15.097511999216376,0.0,0.004516931374460902,0.002911111733831185,0.0,0.0,0.628140703517588,-0.7209219788147164,-0.6930162339093316,388.86411955339366,6.90215390168305,,,,,745.4907991438116,-0.6131523625124066,0.19314829052007523,0.0,0.0,0.0,0.0,-0.6462254921324062
126,Whittier Heights,410.0,4.2682926829268295,5.0,1.0679686232010417,0.0024390243902439024,0.06341463414634146,0.9365853658536586,0.0,0.0,0.0,0.0,0.0,5110.0,124.6341463414634,410.0,249.0,346.39285714285717,356.3333333333333,356.3333333333333,1.4853658536585366,1.534136546184739,2.5560460313609203,2.4292650275900347,2.4292650275900347,-14.853658536585366,-15.341365461847388,38.59504213350835,31.479707447676883,31.479707447676883,0.0,0.0,0.002911111733831185,0.0008130081300813008,0.0008130081300813008,0.6331658291457286,-0.7424401809292829,-0.6699123657178554,388.86411955339366,6.90215390168305,,,,,745.4907991438116,-0.6131523625124066,0.19314829052007523,0.0,0.0,0.0,0.0,-0.6462254921324062
127,Whittier Heights,410.0,4.2317073170731705,5.0,0.843481846644432,0.0,0.0,1.0,0.0,0.0,0.0,0.0,0.0,5205.0,126.95121951219512,410.0,410.0,249.0,410.0,369.75,4.2682926829268295,1.4853658536585366,1.534136546184739,3.3284552845528457,2.879875599960819,124.6341463414634,-14.853658536585366,-15.341365461847388,78.91056910569105,55.34758546380644,0.0024390243902439024,0.0,0.0,0.0008130081300813008,0.0006097560975609756,0.6381909547738693,-0.7632183025251682,-0.6461407143112101,388.86411955339366,6.90215390168305,,,,,745.4907991438116,-0.6131523625124066,0.19314829052007523,0.0,0.0,0.0,0.0,-0.6462254921324062
128,Whittier Heights,409.0,4.645476772616137,5.0,0.47895446800802743,0.0,0.0,1.0,0.0,0.0,0.0,0.0,0.0,5700.0,139.3643031784841,410.0,410.0,410.0,409.6666666666667,377.6,4.2317073170731705,4.2682926829268295,1.4853658536585366,4.381825590872046,3.232995834491882,126.95121951219512,124.6341463414634,-14.853658536585366,130.31655634404754,72.15092900674198,0.0,0.0024390243902439024,0.0,0.0008130081300813008,0.0004878048780487805,0.6432160804020101,-0.7832356315188903,-0.6217249757884953,388.86411955339366,6.90215390168305,,,,,745.4907991438116,-0.6131523625124066,0.19314829052007523,0.0,0.0,0.0,0.0,-0.6462254921324062
129,Whittier Heights,410.0,3.4658536585365853,5.0,1.0489509851469996,0.00975609756097561,0.0,0.22195121951219512,0.0,0.6024390243902439,0.17073170731707318,0.004878048780487805,0.0,3393.0,82.7560975609756,409.0,410.0,410.0,409.6666666666667,409.8,4.645476772616137,4.2317073170731705,4.2682926829268295,4.1143459160752975,3.6193392569622516,139.3643031784841,126.95121951219512,124.6341463414634,116.35720675055161,91.77042161130657,0.0,0.0,0.0024390243902439024,0.0032520325203252032,0.0024390243902439024,0.6482412060301508,-0.8024722142015781,-0.5966894882888557,388.86411955339366,6.90215390168305,,,,,745.4907991438116,-0.6131523625124066,0.19314829052007523,0.0,0.0,0.0,0.0,-0.6462254921324062
130,Whittier Heights,386.0,3.582901554404145,5.0,0.8246953790372356,0.015544041450777202,0.0,0.0,0.8860103626943006,0.0,0.11139896373056994,0.0,0.0025906735751295338,4068.0,105.38860103626943,410.0,409.0,410.0,401.6666666666667,405.0,3.4658536585365853,4.645476772616137,4.2317073170731705,3.8980773285189563,4.0388463971113735,82.7560975609756,139.3643031784841,126.95121951219512,109.16966725857638,115.81887352587754,0.00975609756097561,0.0,0.0,0.008433379670584272,0.005547832680399343,0.6532663316582915,-0.8209088751292625,-0.571059207730695,388.86411955339366,6.90215390168305,,,,,745.4907991438116,-0.6131523625124066,0.19314829052007523,0.0,0.0,0.0,0.0,-0.6462254921324062
181,Windermere,75.0,1.8266666666666667,3.0,0.8116272166079319,0.0,1.0,0.0,0.0,0.0,0.0,0.0,0.0,-137.0,-18.266666666666666,351.62311557788945,345.92763157894734,346.39285714285717,75.0,75.0,2.605501029054099,2.5432030294325,2.5560460313609203,1.8266666666666667,1.8266666666666667,44.08319514118346,39.08401388259955,38.59504213350835,-18.266666666666666,-18.266666666666666,0.00680095331825695,0.004516931374460902,0.002911111733831185,0.0,0.0,0.9095477386934674,-0.5382239057242882,0.8428018909013508,240.66110879032644,2.8920335466682445,,,,,461.3710375773097,-1.1316806266509323,-0.2077683885914156,0.0,0.0,0.0,0.0,-0.9540314590175389
182,Windermere,410.0,2.94390243902439,5.0,1.1987256437328317,0.0,0.1926829268292683,0.5292682926829269,0.0,0.2707317073170732,0.0,0.007317073170731708,0.0,2780.5,67.8170731707317,75.0,345.92763157894734,346.39285714285717,242.5,242.5,1.8266666666666667,2.5432030294325,2.5560460313609203,2.3852845528455284,2.3852845528455284,-18.266666666666666,39.08401388259955,38.59504213350835,24.77520325203252,24.77520325203252,0.0,0.004516931374460902,0.002911111733831185,0.0,0.0,0.914572864321608,-0.5113496156423268,0.8593727774269119,240.66110879032644,2.8920335466682445,,,,,461.3710375773097,-1.1316806266509323,-0.2077683885914156,0.0,0.0,0.0,0.0,-0.9540314590175389
183,Windermere,211.0,3.5023696682464456,5.0,0.987418025930632,0.037914691943127965,0.0,0.0,0.8767772511848341,0.023696682464454975,0.0995260663507109,0.0,0.0,2175.5,103.10426540284361,410.0,75.0,346.39285714285717,232.0,232.0,2.94390243902439,1.8266666666666667,2.5560460313609203,2.7576462579791676,2.7576462579791676,67.8170731707317,-18.266666666666666,38.59504213350835,50.88489063563622,50.88489063563622,0.0,0.0,0.002911111733831185,0.012638230647709322,0.012638230647709322,0.9195979899497487,-0.4839656011428394,0.8750870224785934,240.66110879032644,2.8920335466682445,,,,,461.3710375773097,-1.1316806266509323,-0.2077683885914156,0.0,0.0,0.0,0.0,-0.9540314590175389
198,Yesler Terrace,43.0,1.813953488372093,4.0,0.8239224984787381,0.0,1.0,0.0,0.0,0.0,0.0,0.0,0.0,-78.0,-18.13953488372093,351.62311557788945,345.92763157894734,346.39285714285717,43.0,43.0,2.605501029054099,2.5432030294325,2.5560460313609203,1.813953488372093,1.813953488372093,44.08319514118346,39.08401388259955,38.59504213350835,-18.13953488372093,-18.13953488372093,0.00680095331825695,0.004516931374460902,0.002911111733831185,0.0,0.0,0.9949748743718593,-0.03156854976481113,0.9995015891261737,937.7176911557516,0.4830878251232206,,,,,1797.6971281224255,1.307160108090405,-0.44860567858295236,0.0,0.0,0.0,0.0,0.49370009652859614
199,Yesler Terrace,410.0,2.9585365853658536,5.0,1.209472719431669,0.026829268292682926,0.4560975609756098,0.036585365853658534,0.11951219512195121,0.16829268292682928,0.2121951219512195,0.0024390243902439024,0.004878048780487805,1579.5,38.52439024390244,43.0,345.92763157894734,346.39285714285717,226.5,226.5,1.813953488372093,2.5432030294325,2.5560460313609203,2.3862450368689734,2.3862450368689734,-18.13953488372093,39.08401388259955,38.59504213350835,10.192427680090754,10.192427680090754,0.0,0.004516931374460902,0.002911111733831185,0.013414634146341463,0.013414634146341463,1.0,-2.4492935982947064e-16,1.0,937.7176911557516,0.4830878251232206,,,,,1797.6971281224255,1.307160108090405,-0.44860567858295236,0.0,0.0,0.0,0.0,0.49370009652859614
